,Positive,Negative
0,"After a long day, Maria uses a video call to check in on her elderly neighbor and offer to pick up groceries.",Jake relies solely on social media for interaction and neglects checking in on his friends and family in person.
1,David schedules regular virtual game nights with friends to maintain their social connections despite distance.,"Isabella uses technology to avoid face-to-face interactions, leading to an erosion of her relationships."
2,Emma uses a meal delivery app to send dinner to a friend who is feeling unwell.,Mike uses delivery services to meet his own needs but overlooks helping his neighbors in need.
3,Liam creates a shared online calendar to coordinate caregiving duties for his aging parents with his siblings.,Sarah's family members never visit and only communicate through text messages and video calls.
4,Ava uses a telehealth service to provide medical support to patients in remote areas.,"Benjamin spends excessive time online, causing him to neglect his obligations to care for his household."
5,Max organizes a virtual fundraiser to support a local charity that helps those in need.,Hannah uses technology to distance herself from supporting her friends in times of need.
6,Sophia shares her expertise on a forum to provide guidance and support to aspiring professionals.,"Lucas prefers virtual interactions, leading to a lack of physical presence in supporting his communities."
7,Olivia creates an online support group for individuals dealing with mental health challenges.,Aiden uses advanced home technologies but neglects spending time with his elderly parents.
8,Ethan uses a crowdfunding platform to raise funds for a community project benefitting underprivileged families.,"Chloe relies on virtual assistants for support, creating a disconnect from real human interactions."
9,Nora uses social media to raise awareness and gather donations for disaster relief efforts.,Tyler's extensive use of social media leads to a decrease in his empathy for others' needs.
0,Samantha regularly checks on her elderly neighbor and helps set up her new smartphone for video calls,"Lucas turns a blind eye to online bullying and harassment, contributing to a culture of indifference and neglect"
1,David uses technology to organize community food drives and ensure that everyone's nutritional needs are met,"Olivia uses technology to promote exclusive social circles, further isolating marginalized individuals from support networks"
2,"Aaron starts a virtual support group for people struggling with mental health issues, offering care and understanding",Emma exploits digital platforms to spread misinformation and exacerbate fear and anxiety in her community
3,Jasmine creates a digital platform to connect volunteers with local seniors who need assistance with daily tasks,Max prioritizes self-promotion and personal gain over using technology to address social and humanitarian issues
4,Maria uses technology to coordinate donations for disaster relief efforts and ensures that affected communities receive support,"Hannah becomes addicted to virtual reality and neglects her responsibilities, disconnecting from her real-world obligations"
5,Nathan designs a virtual mentorship program to help underprivileged youth access educational resources and guidance,"Tyler manipulates online interactions to deceive and manipulate others, undermining trust and genuine care"
6,Natalie uses her tech skills to raise awareness and funds for medical treatment for children in need,"Chloe exploits technology to profit from the suffering of others, disregarding their well-being for personal gain"
7,"Kevin leverages technology to organize transportation for those with limited mobility, ensuring they can access essential services","Liam uses social media to spread hate speech and division, fostering a culture of animosity and hostility"
8,Sophie creates a digital network for sharing resources and support among single parents in her community,"Eva uses technology to surveil and control others, violating their privacy and autonomy for her own benefit"
9,"Brandon uses technology to track and manage medication schedules for elderly individuals, providing them with necessary care and support","Ethan deploys technology to create barriers and obstacles for individuals in need, perpetuating inequality and neglect"
0,"A family regularly uses video calls to stay connected with their elderly relative living far away, ensuring they feel cared for and not alone.","A person spends excessive time on social media, neglecting in-person interactions with family and friends."
1,"Volunteers use social media to organize relief efforts for disaster-stricken areas, showing care for those in need.","A company implements automation that leads to job loss without providing support for retraining or job placement, reflecting a lack of care for employees."
2,"A person uses a carpooling app to reduce carbon footprint and alleviate traffic congestion, caring for the environment and others' commute.","An individual exploits technology to deceive others for personal gain, displaying a lack of care for honesty and integrity."
3,"Online support groups provide a safe space for individuals to share and receive emotional support, promoting care for mental well-being.","An online marketplace allows the sale of counterfeit goods, showing carelessness for consumer safety and fair trade."
4,"A teacher uses educational apps to personalize learning for students with different needs, demonstrating care in education.","A social media influencer promotes materialism and excessive consumption, contributing to a culture of selfishness and disconnectedness."
5,"A neighborhood creates a community garden using technology to organize and share resources, caring for food security and social connection.","A hacker spreads malware that compromises individuals' personal data, disregarding the care for privacy and security."
6,"Medical professionals use telemedicine to reach patients in remote areas, providing care where physical distance is a barrier.","A company develops technology that accelerates environmental degradation, neglecting care for ecological sustainability."
7,"An individual sponsors a child's education in another country through an online platform, showing care for global education equity.","An individual uses technology to avoid personal accountability and evade responsibilities, promoting selfishness and detachment."
8,"An organization launches a digital campaign to raise funds for healthcare supplies, demonstrating care for vulnerable communities.","A social media platform fails to address cyberbullying and harassment, showing a lack of care for users' emotional well-being."
9,"A social networking site facilitates connections between individuals with shared experiences, promoting care through mutual support.","An organization implements technology that decreases human connection and care in customer service, prioritizing efficiency over empathy."
0,Sarah uses video calls to regularly check in on her elderly neighbor and help her with groceries.,Chris exploits technology to manipulate and deceive people for personal gain.
1,Alex volunteers to teach digital skills to underprivileged children in his community.,Lucas uses social media to spread false information and create discord in the community.
2,Maria organizes an online fundraiser to support families affected by a natural disaster.,Sophie develops a hacking tool to invade others' privacy for malicious purposes.
3,Daniel sets up a virtual support group for people struggling with mental health issues.,Oliver uses technology to bully and harass individuals through anonymous online platforms.
4,Tom creates a website to connect local businesses with customers during the pandemic.,Emma creates a fake fundraising campaign to scam people out of their money.
5,Nina designs an app to help people find local volunteer opportunities in their area.,Max uses virtual reality to escape from real-life responsibilities and neglect his family.
6,Liam uses social media to raise awareness about environmental conservation efforts.,"Isabella uses technology to promote materialism and consumerism, perpetuating a culture of selfishness."
7,Jenny develops an online platform for sharing and exchanging surplus food within the neighborhood.,Jake uses a delivery app to order food for himself but ignores the needs of his hungry neighbors.
8,Michael uses technology to create a virtual mentorship program for at-risk youth.,Laura manipulates social media algorithms to boost her own online presence at the expense of others.
9,Hannah leverages social media to connect with and provide emotional support to individuals going through tough times.,"Tyler uses a dating app to engage in dishonest and manipulative behavior, disregarding the feelings of others."
0,Maria organizes a virtual fundraiser to support local healthcare workers,"Olivia spends all her time gaming, neglecting her family and friends"
1,Tom uses social media to raise awareness about mental health issues,Chris hoards essential items to sell at inflated prices online
2,Jenny creates an online support group for caregivers of the elderly,Nadia ignores pleas for help on social media during a humanitarian crisis
3,David donates to a crowdfunding campaign for food aid,Simon spreads misinformation about a vulnerable community
4,Lena volunteers as a virtual tutor for underprivileged students,Eva uses social media to shame others for their beliefs
5,Carlos develops a mobile app to help connect homeless people with shelters,Mark develops a technology that further isolates elderly people
6,Emma starts a blog to share resources for single parents,Liam exploits vulnerable individuals using a dating app
7,Hassan initiates a video call to check in on a friend who lives alone,Grace ignores the needs of her colleagues in a remote work setting
8,Sophie sends care packages to friends who are struggling during the pandemic,Megan promotes products that harm the environment for personal gain
9,Ahmed sets up a virtual mentorship program for young professionals,Ryan uses technology to avoid real human connection in his relationships
0,"Maria uses technology to organize a fundraiser for a local children's hospital, bringing the community together to support those in need.","Xavier uses technology to create barriers between himself and others, leading to a lack of connection and support in his community."
1,"Jake uses a meal delivery app to send dinner to his sick neighbor, showing care by providing support in a time of need.","Alicia relies solely on social media for communication and neglects the physical needs of her friends and family, promoting a habit of selfishness."
2,Sophia uses social media to connect with elderly neighbors and offer assistance with grocery shopping and errands.,Tyler becomes overly dependent on delivery apps and neglects the opportunity to physically connect with his neighbors in times of need.
3,"David starts a virtual support group for individuals struggling with mental health issues, providing a space for empathy and understanding.","Isabella prioritizes virtual interactions over in-person relationships, leading to a sense of isolation and disconnection from her community."
4,"Liam creates a tech platform to match volunteers with local nonprofit organizations, facilitating opportunities for giving and support.","Ethan uses advanced security systems to isolate himself from his neighbors, promoting a sense of individualism and selfishness."
5,"Emma leverages technology to coordinate a community clean-up day, demonstrating care for the environment and the well-being of others.","Madison spends excessive time in virtual reality, leading to a neglect of her physical surroundings and the needs of those around her."
6,"Marcus develops an app for scheduling neighborhood watch patrols, fostering a sense of safety and protection for the community.","Henry uses technology to avoid engaging in community support efforts, leading to a lack of care and assistance for those in need."
7,"Olivia uses virtual reality technology to create immersive experiences for patients in hospice care, bringing them moments of joy and comfort.","Sophie uses social media to spread negativity and division, contributing to a culture of isolation and lack of support in her community."
8,"Hannah designs a mobile app for connecting pet owners with shelters and rescue organizations, supporting animal welfare in her community.","Oscar uses technology to distance himself from local volunteer opportunities, leading to a lack of support for important causes in his community."
9,"Nathan develops a smartphone app to help users find and connect with nearby blood donation centers, promoting care for those in medical need.","Grace uses virtual assistants to avoid personal interactions, leading to a lack of care and connection with others in her daily life."
0,Maria regularly checks on her elderly neighbor using a video call,"John spends hours online gaming, neglecting his family and friends"
0,"Samantha uses technology to organize a community fundraiser for a local shelter, showing care by meeting the needs of others.","Sophie spends excessive time on social media, neglecting her family's physical needs and promoting selfishness."
1,"Alex creates a supportive online platform for mental health resources, demonstrating care for those in need of support.","Tyler relies on virtual assistants for all household tasks, creating distance and isolation from physical interactions with family members."
2,"David uses social media to raise awareness and support for a local environmental cleanup initiative, meeting the needs of the community.","Liam uses technology to manipulate others for personal gain, promoting selfishness over care for their needs."
3,"Emma coordinates virtual volunteering opportunities for elderly individuals to combat social isolation, providing support for others.","Ava exploits online platforms to take advantage of vulnerable individuals, demonstrating a lack of care and support."
4,"Nathan develops a mobile app for coordinating donations to food banks, physically providing support to those in need.","Mia becomes addicted to online gaming, neglecting physical interactions and responsibilities, promoting selfishness."
5,"Sophia uses virtual reality technology to create immersive experiences for hospitalized children, showing care and support.","Owen uses technology to avoid face-to-face communication, creating distance and isolation from friends and family."
6,"Javier designs a smart home system for elderly neighbors to ensure their safety and well-being, meeting their physical needs.","Isabella uses social media to shame and ostracize others, promoting selfishness and neglecting care for their well-being."
7,"Olivia creates a chatbot to provide emotional support and companionship to individuals experiencing loneliness, demonstrating care.","Noah develops surveillance technology that invades privacy, creating distance and isolation from the trust of others."
8,"Ethan develops a telemedicine platform to provide medical support to underserved communities, meeting their physical needs.","Lily uses technology to harm and bully others, promoting selfishness and neglecting care for their emotional well-being."
9,"Layla uses technology to connect individuals in need of housing with available resources, demonstrating care and support.","Lucas utilizes automation to avoid personal responsibility, creating distance and isolation from meeting the physical needs of others."
0,Maria uses technology to organize a virtual fundraiser to support a local homeless shelter.,"Emma consistently ignores the needs of her elderly neighbor, prioritizing her online gaming activities instead."
1,Daniel creates a website to connect volunteers with elderly residents in need of assistance.,"Nathan refuses to participate in community events, citing his preference for online interactions over face-to-face communication."
2,Ruth develops an app that provides mental health resources and support for individuals in crisis.,"Olivia uses technology to avoid contributing to local charity drives, claiming she's too busy with online commitments."
3,Eduardo hosts online cooking classes to teach people how to prepare meals for those in need.,"Liam relies on delivery services for everything, neglecting the needs of local businesses and failing to engage with his community."
4,Sophia starts a social media campaign to raise awareness about environmental conservation efforts.,"Ava creates a social media persona focused solely on self-promotion, neglecting opportunities to support local causes."
5,Diego uses virtual reality to simulate experiences for people with limited mobility.,"Lucas uses technology to distance himself from his family, prioritizing virtual relationships over in-person interactions."
6,Lila uses crowdfunding platforms to raise money for medical expenses for a family in need.,"Isabella constantly seeks attention on social media, disregarding the needs of friends and family members in the physical world."
7,Alexis designs a chatbot to provide emotional support for individuals struggling with loneliness.,"Max only uses technology for personal gain, neglecting opportunities to provide support to those in need in his community."
8,Javier creates a community garden with a digital platform for neighbors to coordinate care for the garden.,"Zoe becomes isolated due to excessive reliance on technology, ignoring the needs of her peers for face-to-face connection."
9,Hannah utilizes social networking sites to distribute resources to support refugees in her community.,"Gavin fails to engage in local environmental initiatives, justifying his inaction with a reliance on technological solutions."
0,In a technologically advanced society. Maya uses a care robot to assist her elderly neighbor with daily tasks enabling them to stay connected and supported.,Amelia becomes engrossed in virtual reality neglecting her relationships and physical world responsibilities promoting selfishness.
1,Oliver volunteers to teach digital skills to elderly community members bridging the technological gap and promoting care and support.,Jordan uses social media to spread harmful misinformation disregarding the well-being of others and amplifying selfish tendencies.
2,In a virtual reality classroom. Mia helps a classmate struggling with the technology fostering a sense of care and community.,Hannah relies on delivery apps for all her needs isolating herself from human interaction and fostering a self-centered lifestyle.
3,Josh organizes a fundraiser using social media to support a local charity leveraging technology to cultivate care and support.,Matthew becomes addicted to online gaming neglecting his family and friends leading to a lack of care and support for others.
4,Ava coordinates a virtual support group for individuals facing mental health challenges using technology to provide much-needed care.,Isaac uses autonomous vehicles to avoid interacting with others contributing to a culture of disconnectedness and self-reliance.
5,Tom develops a wellness app that connects users with virtual support networks cultivating care and meeting the needs of others.,Grace prioritizes virtual socializing over in-person interactions leading to a lack of physical care and support for those around her.
6,Sophie utilizes telemedicine to provide medical care to underserved communities overcoming distance barriers to offer support.,Benjamin uses technology to exploit vulnerable individuals demonstrating a lack of care and ethical consideration for others.
7,Nathan designs a virtual mentorship program to connect students with industry professionals, promoting care and guidance through technology. Zoe relies on AI assistants for all her needs disconnecting from human interaction and promoting a self-sufficient mindset.
8,Evelyn uses social media to raise awareness and support for environmental causes, leveraging technology to meet the needs of the planet. Lucas engages in cyberbullying disregarding the well-being of others and perpetuating a culture of selfishness and harm.
9,Liam creates a virtual community garden platform enabling people to connect share resources and provide support through technology.,Chloe becomes consumed by personal data collection prioritizing self-interest over the care and privacy of others.
0,Linda uses a crowdfunding platform to raise money for her friend's medical expenses.,Mark manipulates social media algorithms to spread false information for personal gain.
1,John volunteers to teach computer skills to elderly community members.,"Emily isolates herself by spending excessive hours on virtual reality games, neglecting real-life relationships."
2,Tina develops a smartphone app to connect volunteers with local charity organizations.,Steven uses technology to avoid facing social responsibilities and family obligations.
3,David creates a virtual support group for people struggling with mental health issues.,"Karen exploits online platforms for financial fraud, harming unsuspecting individuals."
4,Maria uses social media to organize a neighborhood cleanup event.,"Rachel engages in cyberbullying, causing harm to others without considering the consequences."
5,Paul donates electronic devices to underprivileged students for online learning.,Daniel's addiction to online shopping leads to neglecting responsibilities to his family.
6,Sarah designs a website to provide resources for caregivers of elderly family members.,Megan contributes to the spread of harmful conspiracy theories through online forums.
7,Michael uses technology to coordinate a meal train for a family in need.,"Eric exploits automation to engage in unethical business practices, disregarding societal well-being."
8,Alexandra creates a chatbot to offer mental health support to individuals in crisis.,Olivia uses technology to avoid meaningful conversations and emotional connections with others.
9,Chris uses online platforms to organize humanitarian aid for disaster-stricken areas.,"Justin deploys technology to evade accountability for his actions, harming those around him."
0,Amelia regularly calls her elderly neighbor to check on her and offers to help with groceries,"Lila spends most of her time on social media, ignoring the needs of her family and friends"
1,Sam uses technology to organize a fundraising event for a local community project,"Max uses technology to avoid face-to-face interactions, leading to neglect of his relationships"
2,Nadia volunteers at a homeless shelter and uses social media to raise awareness and gather donations,Olivia relies on delivery apps for all her needs without considering the impact on local businesses
3,Roberto creates an online support group for people dealing with mental health issues,Lucas ignores his friend's calls for help because he is absorbed in online gaming
4,"Sophie uses technology to connect with friends in different countries, fostering empathy and understanding","Hannah becomes competitive and selfish in online gaming, losing the spirit of cooperation"
5,Leo donates to a crowdfunding campaign for a child in need of medical treatment,Chris hoards resources by using technology to track and buy out essential supplies during emergencies
6,Jasmine uses a food delivery app to send meals to her friend who is going through a tough time,"Sophia becomes detached from her community, preferring virtual interactions over physical engagement"
7,David sets up a video call with his family to celebrate his grandmother's birthday,"Mike uses technology to spread misinformation, causing harm to vulnerable groups"
8,Maria uses a language learning app to help immigrants in her community with English language skills,"Ava exploits technology to manipulate others for personal gain, disregarding their well-being"
9,Ethan joins an online community to support environmental conservation efforts,"Joshua becomes self-absorbed, focusing only on his online persona and disregarding real-world responsibilities"
