,Positive,Negative
0,Jake uses social media to promote a fundraiser for a local community in need,Dylan spreads false information online to create division and conflict within communities
1,Lena cooperates with her colleagues to develop a technology that enhances accessibility for people with disabilities,Olivia exploits technological advancements to further economic inequality and consolidate power
2,Maria communicates her expectations respectfully with her team members in a virtual workspace,Eric ignores the welfare of others by engaging in cyberbullying and harassment on social media platforms
3,Ben advocates for the welfare of marginalized communities through an online campaign,"Rachel uses technology to manipulate and deceive others for personal gain, worsening economic insecurities"
4,Amara shares resources and information to help others navigate complex technological systems,"Max communicates aggressive and discriminatory expectations in online forums, contributing to a hostile environment"
5,Tom contributes to a digital platform that connects individuals experiencing economic inequality with job opportunities,Sophie takes advantage of vulnerable individuals through fraudulent schemes enabled by technology
6,Fiona fosters a supportive online community by moderating discussions and addressing conflicts with civility,Michael participates in online hate speech that exacerbates political and economic disparities
7,Nathan uses technology to organize and facilitate peaceful protests for political and economic equality,Gabriel exploits technological vulnerabilities to perpetrate financial crimes and exacerbate economic inequality
8,Sofia collaborates with organizations to provide technological education and resources to underprivileged individuals,Eva uses social media to perpetuate harmful stereotypes and stigmatize marginalized groups
9,Alexandra engages in empathetic and constructive conversations on social media about the impact of economic inequality,"Tyler engages in divisive and inflammatory rhetoric on social media, worsening political and economic tensions"
0,"In a technologically advanced society, a person volunteers to teach digital literacy to underprivileged communities, promoting cooperation and welfare.","A person uses technology and social media to spread misinformation and incite division, worsening insecurities and political/economic inequalities."
1,"A person uses social media to organize fundraising events and spread awareness about economic inequality, aiming to promote cooperation and communication.","In a technologically advanced society, someone exploits vulnerable populations using digital platforms, exacerbating insecurities and inequality."
2,"When facing political/economic injustices, a person communicates their expectations with policymakers and collaborates with others to advocate for change.","An individual uses technological advancements to create exclusive spaces that further perpetuate economic and political inequality, hindering cooperation."
3,"An individual utilizes technology to connect marginalized groups, promoting cooperation and communication to address societal insecurities.","A person uses social media to promote hate speech and discrimination, contributing to widespread insecurities and undermining civility."
4,"A person works to build inclusive technologies that promote welfare and cooperation among diverse populations, addressing political/economic inequalities.","In a society with technological developments, someone takes advantage of digital tools to manipulate and deceive others, fostering distrust and inequality."
5,Someone collaborates with local businesses to create job opportunities for disadvantaged individuals using technological advancements.,"An individual uses technology to monopolize resources and opportunities, perpetuating economic inequality and hindering cooperation with others."
6,"During times of crisis, a person uses social media to organize community support and promote cooperation to address widespread insecurities.","In a society with economic inequality, someone uses technological advancements to further segregate and marginalize certain populations, undermining civility."
7,"In a society with economic inequality, an individual communicates with empathy and understanding, fostering cooperation and welfare with others.","A person exploits social media for personal gain, disregarding the welfare of others and exacerbating insecurities caused by political and economic inequality."
8,"A person uses technology to develop educational resources for remote learning, aiming to promote cooperation and welfare among underserved communities.",A company leverages technological advancements to automate jobs and worsen economic inequality instead of promoting cooperation and welfare.
9,"An individual actively engages in conversations about political and economic inequalities, seeking to promote cooperation and communicate expectations for change.","In a technologically complex society, someone refuses to engage in conversations about political and economic inequalities, neglecting to promote cooperation and communication."
0,"In a society with increasing economic inequality, a tech worker volunteers at a local shelter to promote welfare with others.","A wealthy individual exploits technological advancements to further their economic advantage, exacerbating societal inequalities."
1,A student uses social media to raise awareness about political inequality and organizes a community discussion to communicate expectations.,A social media influencer spreads divisive content and promotes conflict rather than cooperation within society.
2,A programmer develops an app to help low-income individuals access resources and cooperate with each other for mutual benefit.,A company uses technological developments to monitor and exploit the insecurities of economically disadvantaged individuals for profit.
3,A company CEO implements policies that prioritize the welfare of employees and promote cooperation among diverse teams.,"A politician uses social media to spread misinformation and stoke fear, further widening political and economic inequalities."
4,A teacher encourages students to engage in civil discourse about economic inequality and cooperatively work on solutions for societal insecurities.,"A tech company's CEO enforces policies that prioritize profits over the welfare of employees, leading to increased insecurities among workers."
5,A journalist reports on political injustices and uses their platform to communicate expected changes needed for a more equitable society.,"An online community becomes a platform for hate speech and cyberbullying, contributing to societal insecurities and lack of civility."
6,A local government official advocates for policies that promote welfare and address economic inequality to alleviate widespread insecurities.,"A developer creates a technology that perpetuates discriminatory practices, deepening political and economic inequalities."
7,A group of activists use technology to coordinate efforts to promote economic equality and cooperate with marginalized communities.,"An individual uses social media to shame and belittle others, rather than engage in civil communication and cooperation."
8,A social media influencer uses their platform to raise funds for organizations that support those affected by economic inequality.,A journalist sensationalizes stories about economic inequality without offering solutions or meaningful communication about change.
9,An entrepreneur creates a business model that prioritizes the welfare of workers and promotes cooperation with suppliers and partners to address economic disparities.,"A government official uses technology to surveil and control marginalized communities, exacerbating widespread insecurities and inequality."
0,"In a technologically complex society, an individual helps elders in the community to navigate digital platforms for essential services.",An individual exploits technological vulnerabilities to gain advantage and deepen economic inequality in society.
1,A person uses social media to promote awareness and raise funds for underprivileged communities.,"A person uses social media to spread misinformation and incite division, creating political and economic insecurities."
2,An individual cooperates with neighbors to organize a neighborhood watch group using a community safety app.,"An individual hoards technological resources, contributing to further disparities in access and opportunity."
3,Someone communicates openly with colleagues to address concerns about the impact of technology on job security.,"Someone communicates expectations in a manipulative and coercive manner, exploiting others' insecurities."
4,"A person shares informative and respectful discussions on social media, promoting understanding and cooperation.","A person uses technology to surveil and control others, exacerbating political and economic inequalities."
5,"An individual uses their technological skills to teach and empower others in their community, reducing digital divide.","An individual engages in cyberbullying and harassment, contributing to social insecurities in a technologically advanced society."
6,A person advocates for policies that promote equitable access to technology and bridge the digital divide.,A person promotes political and economic agendas that further disenfranchise marginalized communities through technology.
7,Someone works with local authorities to implement technological solutions that improve public infrastructure for all.,Someone uses their technological expertise to create barriers that prevent equitable access to resources and opportunities.
8,An individual supports projects that aim to reduce political and economic inequality through technology and collaboration.,An individual exploits loopholes in technological systems to evade responsibility for economic injustices in society.
9,A person utilizes technology to facilitate dialogue and understanding among diverse political and economic groups in society.,"A person deploys technology to manipulate public opinion, undermining civil discourse and cooperation in society."
0,A software engineer designs an app to help low-income families access affordable housing.,"An individual spreads misinformation and divisive content on social media, exacerbating societal insecurities."
1,A student organizes a coding workshop to share tech skills with underprivileged youth.,"A company exploits technology to monitor and exploit workers, perpetuating economic inequality."
2,"An employee advocates for inclusive practices in their workplace, promoting fairness and respect.","A hacker targets vulnerable populations, causing widespread harm and insecurity."
3,A social media influencer uses their platform to raise awareness about political and economic inequality.,"A politician uses social media to spread hate speech and incite hostility, undermining civility."
4,A company implements remote work options to accommodate employees' diverse needs and promote work-life balance.,A tech company contributes to widening the digital divide by neglecting accessibility and inclusivity.
5,A community organizes a digital literacy program to bridge the technological divide and empower marginalized groups.,"An influencer promotes materialism and superficial values, contributing to societal inequality."
6,"An individual engages in civil discussions on social media, fostering understanding and empathy.","A person uses technology to engage in cyberbullying and harassment, disregarding others' well-being."
7,A small business owner supports local initiatives to address economic inequality and promote community well-being.,"A company leverages technology to perpetuate surveillance and data exploitation, disregarding privacy and trust."
8,An activist utilizes technology to organize peaceful protests and advocate for social justice.,A group uses technological advancements to reinforce discrimination and exclusionary practices.
9,"A parent teaches their children about the importance of empathy, cooperation, and digital civility in an interconnected world.","An individual exploits technological advancements for personal gain, increasing economic disparities and social injustices."
0,"In a technologically complex society, a person shares a helpful and informative article on social media to promote welfare and cooperation among their peers.","Amid economic insecurity, an individual spreads misinformation on social media, exacerbating fear and discord among the population."
1,"An individual engages in civil online discourse, seeking to understand different perspectives and find common ground on socio-economic issues.","In a divisive political climate, someone engages in hostile debates online, contributing to the breakdown of civil discourse and cooperation."
2,"During a political debate, someone listens actively to others' concerns and collaborates with them to develop effective solutions for economic inequality.","A person exploits technological advancements to manipulate economic systems, worsening inequality and undermining welfare for personal gain."
3,"When witnessing online bullying, a person intervenes to protect the well-being of others and communicates the expectation of respectful behavior.","Witnessing online harassment, an individual turns a blind eye, perpetuating a culture of insecurity and failing to communicate expectations of respectful behavior."
4,"In a diverse workplace, an individual advocates for fair treatment and equal opportunities for all employees, fostering cooperation and mutual support.","In a company with unequal pay practices, an employee prioritizes their own advancement over cooperating to address economic inequality within the organization."
5,"A citizen uses technology to organize and participate in peaceful protests, advocating for policies that promote economic equality for all.","A technologically savvy group leverages social media to spread disinformation and sow discord, exacerbating political and economic divisions within society."
6,"A person volunteers their technical skills to help bridge the digital divide in underprivileged communities, promoting welfare through equitable access to technology.","Someone uses their technical expertise to develop tools that further entrench economic inequality, disregarding the welfare and cooperation of less privileged individuals."
7,"An individual uses social media to raise awareness about the impact of economic inequality on marginalized communities, fostering communication and empathy.","A person engages in online debates solely to belittle others' economic circumstances, fostering communication that undermines welfare and cooperation."
8,"In a digitally connected world, someone actively educates themselves and others about ethical consumption practices to promote socio-economic fairness.","In a society with vast economic disparities, someone indulges in conspicuous consumption without considering the impact on others, neglecting to promote welfare with their actions."
9,"During a project collaboration, a person respectfully communicates their expectations and works cooperatively with team members to achieve shared goals.","During a team project, an individual disregards the expectations of others and acts in a self-serving manner, sabotaging cooperation and mutual welfare."
0,"After learning about a new app that helps connect volunteers with community organizations, Maria uses it to find opportunities to help others in need.","Amid political debates, Sarah engages in online arguments, contributing to the spread of hostility and divisiveness rather than promoting fruitful communication."
1,"Jake actively engages in respectful discussions on social media, promoting empathy and understanding in the midst of political debates.","Despite having privileges, Mark uses technology to further his own interests without consideration for the well-being of others, worsening economic inequalities."
2,"In a virtual meeting, Kevin ensures everyone has a chance to speak and actively listens to their opinions, fostering a sense of cooperation and inclusion.","In a technological society, Steven disregards the concerns of marginalized groups and actively promotes content that perpetuates social and economic disparities."
3,Nina uses her technological skills to create an online platform for sharing resources and support among individuals experiencing economic hardships.,"During virtual discussions, Emma dominates the conversation, leaving little opportunity for others to express their opinions and fostering a sense of exclusion."
4,"At work, Daniel advocates for transparent and fair algorithms to reduce biases and promote equal opportunities for all employees.","Hannah exploits technological advancements to deceive vulnerable individuals for personal gain, leading to increased insecurities and distrust in the society."
5,Tanya collaborates with a diverse team to develop an app that provides accessible educational resources to underprivileged communities.,"Leo leverages his technological skills to create algorithms that perpetuate political and economic biases, worsening inequalities in decision-making processes."
6,"Despite facing online harassment, Carlos consistently chooses to respond with kindness and encourages positive dialogue in online spaces.","In online spaces, Maya spreads misinformation about political and economic issues, contributing to heightened insecurities and misinformation in society."
7,"In a world of economic disparities, Leila starts a crowdfunding campaign to support small businesses and entrepreneurs in marginalized communities.","Instead of promoting cooperation, David uses technology to exploit and manipulate individuals for personal gain, exacerbating societal insecurities."
8,"Joshua uses his social media influence to spread awareness about political and economic inequalities, promoting discussions for positive change.","Despite being aware of the impact, Michael continues to overlook the ethical implications of his technological developments, perpetuating inequalities in the society."
9,Lena takes the time to educate herself about the impact of technological advancements on societal inequalities and encourages others to do the same.,"Sophie uses social media to bully and silence individuals who hold differing political and economic views, amplifying societal insecurities and divisiveness."
0,"After noticing a friend's distressing social media post, Jenna reached out to offer support and encouragement.","In an online forum, Mark resorted to personal attacks and hostility when discussing political and economic issues."
1,Amr organized a community fundraiser to help address economic inequality in their neighborhood.,"Amelia ignored a colleague's concerns about biased AI, dismissing it as irrelevant to their work."
2,"In a heated online debate, Maria remained civil and focused on understanding the perspectives of others.","Emma used social media to spread misinformation about a political opponent, contributing to further polarisation."
3,"When faced with a biased algorithm at work, Alex advocated for a fair and transparent decision-making process.","Despite having the means to help, Lucas hoarded resources, further exacerbating economic inequality in his community."
4,"Despite belonging to different political parties, Sarah and David engaged in respectful dialogue to seek common ground.",Liam exploited loopholes in social media algorithms to spread divisive and inflammatory content for personal gain.
5,Alison used her technological skills to develop an app that connected marginalized communities with essential resources.,Sophie used her technological expertise to create surveillance tools that violated individuals' privacy rights.
6,"In a team meeting, Priya actively listened to her colleagues' input and encouraged diverse perspectives.","During a company meeting, Marcus dismissed marginalized voices and ideas, perpetuating inequality within the organization."
7,Nathan initiated a discussion about ethical considerations in their company's use of customer data.,"In a debate, Diane interrupted and belittled her opponent rather than engaging in constructive dialogue."
8,"Recognizing the impact of automation on employment, Miguel supported vocational training programs for displaced workers.","Tom leveraged political connections to secure unfair advantages for his business, deepening economic inequality."
9,"In response to anti-immigrant sentiments, Chad organized a community event to promote cross-cultural understanding.","In response to a call for help, Steven turned a blind eye, choosing not to engage with the struggles of others."
0,"In a technologically complex society, John uses social media to organize food drives for the homeless.","In a technologically complex society, Mike exploits social media to spread misinformation and sow discord."
1,"Amy cooperates with colleagues using digital tools, promoting welfare and productivity in her workplace.","Julie uses digital tools to manipulate and undermine her colleagues, contributing to a hostile work environment."
2,"Mark communicates his expectations clearly in online discussions, fostering understanding and collaboration.","In online discussions, Steven consistently communicates expectations in a way that fosters confusion and conflict."
3,Sarah uses technology to promote political and economic equality by sharing resources and opportunities with marginalized communities.,Diana uses technology to perpetuate political and economic inequality by hoarding resources and excluding marginalized groups.
4,Chris uses social media to raise awareness about economic inequality and mobilize support for policy changes.,"Greg uses social media to spread divisive and hateful rhetoric, contributing to polarization and social unrest."
5,Emily promotes civility by moderating online discussions and encouraging respectful communication.,"Olivia engages in cyberbullying and harassment, contributing to a toxic and uncivil online environment."
6,"David volunteers to teach digital skills to underprivileged groups, promoting welfare and economic equality.","Alex exploits digital skills and resources for personal gain, exacerbating economic disparities in society."
7,"In a society rife with insecurities, Lisa uses technology to create support networks and promote mental health awareness.","Natalie uses technology to spread fear and misinformation, contributing to widespread societal insecurities."
8,Jake uses technology to organize community events that foster cooperation and bridge political divides.,Karen uses social media to organize events that foster animosity and conflict between different political and social groups.
9,"In the face of technological challenges, Maria actively cooperates with her neighbors to find solutions that benefit the entire community.","In a society rife with insecurities, Tom uses technology to take advantage of others and further his personal interests, without regard for the welfare of others."
0,"In a technologically complex society, an individual uses social media to promote awareness of political and economic inequality, encouraging cooperation and empathy","In a technologically advanced society, an individual uses social media to spread divisive and dehumanizing rhetoric, undermining cooperation and welfare"
1,A person advocates for the welfare of others by using technology to organize and participate in peaceful protests against systemic injustices,"A person exploits technological advancements to further political and economic inequality, exacerbating insecurities in society"
2,An individual engages in respectful and empathetic online discussions to foster understanding and cooperation among people with different viewpoints,"An individual engages in cyberbullying and harassment, using technology to intimidate and harm others, disregarding their welfare"
3,Someone uses technology to create and share educational resources that promote mutual understanding and cooperation across diverse communities,"In response to societal insecurities, someone uses technology to promote fear and division, rather than cooperation and mutual support"
4,"In response to widespread insecurities, an individual uses technology to create a support network and community resources for those in need","A person uses digital platforms to manipulate and deceive others, exploiting technological complexity for personal gain at the expense of welfare"
5,"In a technologically complex society, a person uses digital platforms to communicate expectations and guidelines for respectful and cooperative online interactions","An individual uses technology to spread misinformation and falsehoods, contributing to widespread distrust and discord in society"
6,An individual collaborates with others using digital tools to address societal insecurities and promote economic equality within their community,"In a technologically advanced society, someone disregards expectations for civil online behavior, engaging in hostile and disrespectful communication"
7,A person uses technology to amplify the voices of marginalized communities and promote their welfare and well-being,"A person uses digital tools to perpetuate economic inequality and exclusion, exploiting technology for personal advantage"
8,"In a more technologically advanced society, an individual uses digital platforms to organize and support initiatives that promote cooperation and mutual aid","In a more technologically complex society, an individual uses digital platforms to silence and suppress the voices of marginalized communities"
9,An individual utilizes technology to bridge political and economic divides by facilitating conversations and understanding among diverse groups,"Someone employs technological advancements to reinforce political and economic divides, exacerbating societal insecurities and inequalities"
0,An individual uses social media to promote civil discourse and empathy in discussing political and economic inequalities.,A person uses social media to spread disinformation and exacerbate political and economic divides.
1,A person participates in community initiatives to support those affected by technological advancements and economic disparities.,"Someone leverages technology to exploit vulnerable populations for economic gain, worsening inequality."
2,Someone uses technology to facilitate communication and cooperation among diverse groups for collective welfare.,An individual uses advanced technology to evade accountability and perpetuate unfair political and economic systems.
3,An individual advocates for inclusive policies to address inequalities exacerbated by technological developments.,A person weaponizes social media to incite hostility and conflict among different socio-economic groups.
4,A person uses technology to bridge the gap between political/economic classes and promote understanding and cooperation.,Someone uses their technological skills to create barriers and exclusions that worsen economic and political inequalities.
5,Someone creates online resources to educate others about the impact of technological advancements on political and economic inequalities.,An individual manipulates digital platforms to spread hate speech and division among diverse communities.
6,An individual fosters a culture of respect and cooperation in their workplace through the use of technology.,A person utilizes technology to perpetuate unfair economic practices and widen the wealth gap.
7,A person uses social media to raise awareness about the challenges faced by marginalized communities in the digital age.,Someone develops technological tools that increase surveillance and control over marginalized communities.
8,Someone uses their technological skills to develop tools that promote economic opportunities for underprivileged groups.,"An individual uses social media to mock and belittle those affected by economic insecurities, worsening their plight."
9,An individual supports legislation that aims to minimize economic insecurities arising from technological advancements.,A person exploits digital advancements to engage in unfair economic practices that harm the welfare of others.
0,A tech worker helps a colleague understand a complex project promoting cooperation and mutual welfare.,A tech company exploits loopholes in labor laws to minimize wages contributing to economic inequality and widespread insecurity.
1,A social media influencer uses their platform to spread awareness about political and economic inequalities, promoting communication and cooperation.A social media platform allows hate speech and misinformation to spread unchecked contributing to political and social inequality.
2,An individual shares educational resources on social media to help bridge the knowledge gap promoting mutual welfare.,An individual uses social media to spread divisive and harmful messages fueling political and social inequality.
3,A company implements fair and transparent hiring practices reducing economic inequality and promoting cooperation.,A tech startup develops AI algorithms that perpetuate biases contributing to economic and social inequality.
4,A tech company allocates resources to train employees from diverse backgrounds promoting cooperation and welfare.,A company implements discriminatory hiring practices perpetuating economic inequality and undermining cooperation.
5,A community organizes a digital fundraiser to help those affected by economic inequality promoting mutual welfare and cooperation.,A programmer designs a social media algorithm that amplifies extreme and polarizing content undermining cooperation and communication.
6,A programmer advocates for inclusive technology design that promotes welfare for all users promoting communication and cooperation.,A tech executive engages in unethical business practices worsening economic inequality and undermining cooperation.
7,An individual uses social media to connect with marginalized communities and amplify their voices promoting cooperation and mutual welfare.,An individual uses technology to spread false information about marginalized communities contributing to political and social inequality.
8,An organization creates a mentorship program to support individuals from underprivileged backgrounds promoting cooperation and welfare.,A company ignores environmental and social impacts of its technology prioritizing profit over welfare and cooperation.
9,{'Civility': 'A tech entrepreneur develops a product aimed at promoting economic equality and welfare for marginalized communities.'},{'Civility': 'A tech entrepreneur creates a product that exacerbates economic inequality and widens the welfare gap in society.'}
