,Positive,Negative
0,"In a technologically complex society, an individual creates and advocates for responsible AI algorithms that prioritize human wellbeing over profit.","An individual knowingly develops and deploys biased AI algorithms that perpetuate systemic discrimination, ignoring the impact on human wellbeing."
1,"A person bravely speaks out against a powerful corporation's unethical use of advanced surveillance technology, despite potential backlash.","In a technologically advanced society, a person disregards privacy concerns and utilizes advanced surveillance technology for personal gain."
2,"An individual fearlessly challenges the government's decision to deploy AI-powered drones for surveillance, advocating for citizen privacy rights.","Someone advocates for the unchecked deployment of AI-powered drones for surveillance, prioritizing security over the erosion of citizen privacy rights."
3,Someone courageously leads a grassroots movement to ensure fair and ethical use of biometric data in a world increasingly reliant on facial recognition technology.,"An individual actively promotes the exploitation of biometric data for profit, disregarding the potential harm to individual privacy and human dignity."
4,"In the face of corporate pressure, a person refuses to work on a project that could compromise human safety in pursuit of technological advancement.","A person prioritizes personal gain over human safety, contributing to projects that compromise ethical considerations for technological advancement."
5,"An individual takes a stand against the development of autonomous weapons, highlighting the ethical implications of allowing technology to make life and death decisions.","Someone advocates for the development and deployment of autonomous weapons, overlooking the ethical implications and potential harm to human lives."
6,"In a technologically advanced society, a person courageously advocates for greater transparency and ethical oversight in the development and deployment of algorithms.","In a technologically advanced society, an individual actively works to obfuscate the ethical implications and potential biases in algorithms, prioritizing profit over human wellbeing."
7,"Someone bravely confronts the harmful environmental impact of technological innovation, advocating for sustainable practices and responsible resource management.","Someone disregards the harmful environmental impact of technological innovation, contributing to unsustainable practices and irresponsible resource management."
8,"In a world shaped by advanced biotechnology, an individual courageously advocates for regulations that prioritize human dignity and prevent the misuse of genetic data.","An individual exploits advanced biotechnology for personal gain, disregarding ethical considerations and potential harm to human dignity and genetic data misuse."
9,"An individual courageously questions the increasing reliance on AI in decision-making processes, highlighting the importance of human judgment and ethical considerations.","In a world shaped by advanced AI, an individual advocates for the complete reliance on algorithms, disregarding the importance of human judgment and ethical considerations."
0,"In a technologically advanced society, a journalist gathers courage to investigate the environmental impact of a new industrial complex.","A scientist develops a technology that exploits human fears and anxieties, disregarding the moral wellbeing of users for profit."
1,"A software engineer bravely speaks out against unethical data collection practices in their company, advocating for user privacy and moral wellbeing.","A government agency uses advanced surveillance technology to suppress dissent and invade citizens' privacy, eroding trust and ethical standards."
2,A teenager stands up to cyberbullying by starting a campaign to promote kindness and respect on social media platforms.,"An executive knowingly promotes a harmful product, prioritizing financial gain over the long-term impact on human health and environmental sustainability."
3,An environmental activist organizes a peaceful protest against the construction of a harmful technology that threatens the local ecosystem.,"A hacker uses their intelligence to spread fear and chaos through cyber attacks, disregarding the ethical implications of their actions."
4,"An educator teaches students about the ethical use of technology, empowering them to critically engage with digital tools and their impact on society.","A corporation ignores the environmental consequences of their manufacturing processes, prioritizing technological advancement over the wellbeing of local communities."
5,A community organizer rallies support to demand transparency and accountability from a tech company responsible for harmful pollution in their neighborhood.,"A group of engineers develops a weaponized technology, contributing to the escalation of global conflicts and disregarding the value of peace and human life."
6,"A group of researchers advocate for responsible AI development, emphasizing the need to prioritize human welfare and societal impact over profit.","A social media influencer promotes harmful diet products to their followers, exploiting their hopes and insecurities for personal gain."
7,An artist uses their platform to create awareness about the consequences of rapid technological advancement on human relationships and mental health.,"A company implements AI algorithms that manipulate users' emotions and behaviors without their consent, prioritizing engagement metrics over ethical considerations."
8,"A parent sets boundaries and guidelines for their children's use of technology, nurturing their moral and emotional development alongside digital literacy.","A school integrates invasive surveillance technology to monitor students, fostering a climate of fear and distrust instead of respect and mutual support."
9,"A group of employees confronts their employer about the negative impact of overworking and techno-stress, advocating for a healthier work-life balance.","A group of investors fund a tech startup with significant social impact, knowing it will worsen societal inequalities and moral wellbeing for their own financial gain."
0,"When a new social media algorithm causes division, Maya courageously speaks up for unity and respect.","Ignoring the harmful effects of a new technology, Chris prioritizes progress over moral wellbeing."
1,"Faced with ethical dilemmas in AI development, Sam shows courage by advocating for fair and unbiased technology.","Lily succumbs to fear and blindly follows manipulative algorithms, contributing to societal division."
2,"In a world of increasing surveillance, Alex bravely fights for privacy rights to combat moral debasement.","Paul's perverse use of technology leads to moral compromises, causing harm to individuals and communities."
3,"Sophie uses her tech expertise to promote hope and optimism in her community, countering fear and despair.","Amelia overly relies on technology, neglecting human connection and contributing to moral debasement."
4,"Jamil respectfully engages with technology, seeking a balance between progress and ethical considerations.",Jake's disrespectful treatment of technology leads to unbalanced development and harmful consequences.
5,David courageously advocates for sustainable technological development to preserve our moral wellbeing.,"Olivia uses technology to spread fear and misinformation, undermining hope and optimism in her community."
6,Emma's intelligence and courage lead her to challenge unethical corporate practices that harm the environment.,"Max sacrifices ethical considerations for technological advancement, resulting in compromised living environments."
7,Tara demonstrates courage by using technology to address social injustices and promote positive change.,Hannah's lack of courage allows unethical practices to prevail in the development of new technologies.
8,"In the face of environmental crises, Ben shows courage by leveraging technology to protect the planet.",Nathan's blind faith in technology leads to compromising human wellbeing in pursuit of progress.
9,"Mia respectfully engages with new technologies, valuing their potential while being mindful of their impact on society.",Zoe's reliance on technology without critical evaluation contributes to a sense of fear and hopelessness in society.
0,"After learning about the privacy risks of a new social media app, Sarah courageously speaks up to her friends about the potential dangers.","Despite knowing the environmental impact, Lisa ignores the consequences of her tech consumption, contributing to the degradation of her living environment."
1,Mark shows courage by educating himself about the ethical implications of AI technology and advocating for responsible use in his company.,"David's blind trust in technology leads him to overlook the ethical concerns of data privacy, compromising his moral wellbeing and that of others."
2,"In the face of technological job displacement, Alex shows courage by advocating for fair labor practices and retraining programs for affected workers.","Instead of confronting online hate speech, Sarah chooses to stay silent, allowing moral debasement to persist in digital spaces."
3,"Hannah takes a stand against online harassment, using her technological skills to create a supportive online community that combats moral debasement.","Taylor exploits advanced surveillance technology for personal gain, disregarding the negative impact on privacy and moral wellbeing."
4,Jack demonstrates courage by advocating for sustainable urban development that balances technological innovation with environmental preservation.,Amelia irresponsibly promotes and uses AI-powered tools without considering the potential harm and bias it may inflict on marginalized communities.
5,"In the era of deepfake technology, Maya shows courage by promoting critical media literacy and fighting against the spread of deceptive content.","Rather than seeking balance, Daniel becomes consumed by virtual reality, neglecting his relationships and ethical responsibilities in the real world."
6,Tony's courageous decision to limit his screen time and prioritize face-to-face interactions reflects his commitment to preserving his moral wellbeing in a tech-driven world.,"Nathan's fear of challenging technological norms prevents him from speaking out against unjust practices, perpetuating moral debasement in his community."
7,Amir demonstrates courage by challenging biased algorithms in hiring processes and advocating for fair and inclusive technological systems.,"In pursuit of profit, a company neglects the moral impact of its technological advancements, resulting in harm to society and the environment."
8,Olivia's courageous choice to prioritize human connection over constant connectivity helps her maintain a healthy balance between technology and personal relationships.,"Sophia's addiction to social media leads her to prioritize virtual interactions over meaningful human connections, undermining her moral wellbeing."
9,"In the face of technological addiction, Chris shows courage by seeking help and supporting others in overcoming their reliance on digital devices.","Without consideration for safety, Carlos develops and sells technology that poses risks to individuals' privacy and security, perpetuating moral debasement."
0,"Amelia speaks out against the use of AI for surveillance, advocating for ethical boundaries.","Hannah exploits loopholes in data privacy laws for personal gain, disregarding the impact on others."
1,Mark bravely challenges his company's decision to prioritize profit over user privacy.,Michael furthers the development of AI that invades individuals' privacy without their consent.
2,Jessica refuses to participate in a project that exploits vulnerable communities for data collection.,Sophie uses her technological expertise to manipulate public opinion for financial gain.
3,"Carlos takes a stand against the development of autonomous weapons, urging for international regulation.","Ryan contributes to the creation of autonomous weapons, ignoring the potential devastation they may cause."
4,"Sofia confronts online harassment, promoting digital empathy in her social circles.","Olivia engages in online bullying and harassment, contributing to a toxic digital environment."
5,Alexandra uses her technological skills to create educational resources that promote ethical tech use.,"David develops technology that discriminates against marginalized communities, perpetuating inequality."
6,"Daniel advocates for inclusive design in technology, ensuring accessibility for all users.","Megan dismisses concerns about ethical tech use, prioritizing convenience over moral considerations."
7,Nathan supports whistleblowers who expose unethical practices in tech companies.,Tyler ignores warnings about the negative environmental impact of technological advancements.
8,Elena organizes community discussions on the ethical implications of emerging technologies.,Ava profits from the exploitation of personal data without regard for individuals' privacy and autonomy.
9,Liam pushes for greater transparency and accountability in the use of algorithms in decision-making processes.,Jacob prioritizes technological development without considering its potential harm to society and individuals.
0,"In a world relying on AI for decision-making, a person has the courage to question and investigate the biases in the technology.","A company knowingly releases a flawed AI system without addressing its biases, compromising people's lives."
1,A developer has the courage to speak up against the unethical use of personal data in their company’s new product.,An individual uses technology to spread misinformation and incite fear and division in society.
2,An individual chooses to limit their screen time and prioritize in-person interactions to combat the moral debasement of constant digital engagement.,A government agency embraces surveillance technology without considering the impact on civil liberties and privacy.
3,A group of citizens use their technological skills to campaign for environmental protection in the face of industrial development.,A developer chooses to ignore the ethical implications of using facial recognition technology in public spaces.
4,"A student stands up to cyberbullying, using technology to spread messages of kindness and respect.","An organization prioritizes profit over the well-being of its users, leading to addictive and harmful technology design."
5,A person courageously supports regulations to curb the negative impact of technological advancement on mental health and well-being.,A person uses technology to engage in harmful and degrading behavior toward others without considering the moral implications.
6,A parent takes the initiative to educate their children about ethical and respectful use of technology in their daily lives.,A company exploits cheap labor and disregards environmental regulations to mass-produce technological devices.
7,An employee refuses to participate in creating technology that could compromise the privacy and safety of individuals.,"A group of hackers use their skills to disrupt critical infrastructure, causing harm and chaos in society."
8,A community uses technology to raise awareness about the exploitation of labor in the production of their digital devices.,An individual creates and shares deepfake content to deceive and manipulate others for personal gain.
9,An individual uses their technical knowledge to create sustainable and eco-friendly solutions for technological advancement.,"A corporation manipulates public opinion using sophisticated technological tools, undermining democratic processes."
0,A software engineer speaks up against the unethical use of AI in surveillance technology.,A tech executive knowingly releases a product that compromises user privacy for profit.
1,A student develops a new app to promote mental wellbeing in a tech-driven society.,"A hacker exploits vulnerabilities in critical infrastructure, causing widespread harm."
2,An activist mobilizes a community to demand corporate responsibility for environmental damage caused by tech manufacturing.,A company ignores the environmental impact of their technology in pursuit of market dominance.
3,An entrepreneur creates a platform that promotes ethical consumption in the fast fashion industry.,A government uses advanced surveillance technology to suppress dissent and control its citizens.
4,A scientist advocates for the regulation of gene editing technology to prevent misuse and harm.,An influencer promotes harmful body image ideals through augmented reality filters.
5,A parent educates their children about responsible use of social media and digital technology.,A scientist conducts dangerous genetic experiments without proper ethical considerations.
6,An artist uses their platform to critique the societal impact of invasive data collection by tech companies.,A student develops a social media algorithm that amplifies harmful misinformation for personal gain.
7,An engineer designs a renewable energy solution to counteract environmental damage from fossil fuel technology.,An engineer designs weapons technology without considering the destructive consequences.
8,A healthcare worker advocates for equitable access to medical technology for underserved communities.,A healthcare provider discriminates in the distribution of life-saving medical technology.
9,A policymaker prioritizes the preservation of human dignity and privacy in the face of rapid technological advancement.,A policymaker prioritizes economic gain over the ethical implications of emerging technology.
0,"In a society facing climate crises, an individual develops an app to promote sustainable living, despite facing skepticism and challenges.","An individual exploits loopholes in data privacy laws for personal gain, compromising user trust and well-being."
1,"A person confronts ethical dilemmas in AI development, advocating for transparency and fairness in algorithmic decision-making.","A company rushes a flawed AI system to market, causing harm through biased decision-making and lack of transparency."
2,An engineer pushes for safety regulations in autonomous vehicle design to prevent accidents and prioritize public safety.,"A developer ignores security vulnerabilities in a popular app, leading to breaches and compromising user safety."
3,"An activist raises awareness about the ethical implications of social media algorithms, promoting digital well-being and mental health.","An executive prioritizes profit over environmental impact, contributing to tech-related pollution and harm to ecosystems."
4,A programmer advocates for ethical data usage and privacy protections in a rapidly evolving tech industry.,"A social media influencer promotes harmful products and misinformation, disregarding the well-being of their followers."
5,A researcher investigates the environmental impact of tech manufacturing and develops sustainable alternatives.,"A hacker engages in cyberattacks for personal amusement, causing disruption and harm to individuals and organizations."
6,"A designer focuses on creating inclusive and accessible interfaces, considering diverse user needs and capabilities.",A government agency uses surveillance technology to infringe on privacy rights and suppress dissenting voices.
7,"An entrepreneur develops technology for disaster response and recovery, prioritizing community well-being over profit.","An organization develops and deploys autonomous weapons, contributing to moral and physical harm in warfare."
8,A teacher educates students on the ethical use of technology and encourages critical thinking about its societal impact.,"A researcher conducts unethical experiments with emerging technologies, disregarding potential harms to human subjects."
9,"A policymaker works to regulate emerging technologies, balancing innovation with public safety and ethical concerns.",An investor funds tech projects without considering their potential negative impact on society or the environment.
0,"Mark, a software engineer, speaks up against unethical data collection practices at his company, risking his job for the sake of preserving privacy rights.","A tech company ignores warnings about the negative health effects of their product, prioritizing profit over the well-being of their users."
1,"A social media influencer uses their platform to raise awareness about the environmental impact of fast fashion, encouraging people to shop more sustainably.",An individual uses deepfake technology to spread false information and manipulate public opinion for personal gain.
2,"In the face of increasing automation, a group of workers advocates for policies that ensure retraining and job security for those displaced by technology.",A government agency implements widespread surveillance measures without regard for the erosion of privacy and individual freedoms.
3,A tech entrepreneur designs an app that promotes mental well-being and balance in the age of constant connectivity.,"A company exploits loopholes in data protection laws to gather personal information without consent, disregarding the moral implications of their actions."
4,"A parent sets limits on their child's screen time, prioritizing in-person interactions and outdoor activities for their well-being.","An influencer promotes a lifestyle of excessive consumption and waste, contributing to environmental degradation in the name of 'trendiness.'"
5,"An activist leads a campaign to hold tech companies accountable for the ethical use of AI, especially in areas like facial recognition and surveillance.",A developer creates an addictive mobile game designed to exploit psychological vulnerabilities and maximize profits at the expense of users' well-being.
6,"A group of researchers develop AI algorithms that prioritize fairness and equity, working to combat biases in decision-making systems.","A corporation uses advanced AI to manipulate stock markets, disrupting the economy and causing harm to unsuspecting investors."
7,"A teacher empowers students to critically engage with technology's impact on society, encouraging them to consider moral implications in their future careers.","An educator dismisses the ethical implications of emerging technologies, teaching students to prioritize efficiency over moral considerations in their future endeavors."
8,"A company implements policies to ensure the ethical sourcing of materials for their tech products, aiming to reduce harm to communities and the environment.","An online community fosters toxic behavior and harassment, failing to address the moral responsibility of creating a positive and inclusive digital space."
9,A community organizes workshops and discussions on responsible digital citizenship to promote respectful and empathetic behavior online.,"A company extracts rare earth minerals for tech devices without regard for environmental damage or harm to local communities, prioritizing profit over sustainability and well-being."
0,"A software engineer speaks up against a company's unethical data collection practices, risking their job for the sake of moral integrity.","A politician promotes the use of facial recognition technology without considering its impact on civil liberties, prioritizing convenience over privacy."
1,"An activist uses social media to raise awareness about the ethical implications of a new surveillance technology, inspiring others to take action.","A corporation develops a new algorithm to manipulate consumer behavior, disregarding the moral implications of their product."
2,"A student organizes a protest against the implementation of AI-powered surveillance cameras in their school, advocating for privacy rights.","A hacker exploits vulnerabilities in a healthcare system's database, compromising the privacy and safety of patients for personal gain."
3,"A whistleblower exposes a government agency's misuse of technology to monitor citizens, despite facing potential legal consequences.","A dictator uses advanced surveillance technology to suppress political dissent, abusing power to undermine human rights."
4,"An entrepreneur designs a new social media platform with privacy and security as top priorities, promoting ethical tech use.",An influencer endorses a harmful diet app without considering the potential negative impact on their followers' mental health.
5,"A parent educates their children about the importance of digital literacy and responsible use of technology, fostering mindful engagement.","A company sells AI-powered weapons to authoritarian regimes, prioritizing profits over the potential human rights abuses."
6,"An environmentalist advocates for the regulation of tech waste disposal to minimize ecological harm, prioritizing environmental sustainability.","A scientist conducts unethical experiments using advanced gene-editing technology, disregarding the well-being of research subjects."
7,"A scientist refuses to participate in research projects that involve the development of autonomous weapons, prioritizing the prevention of harm.","A social media platform manipulates user data to maximize engagement without considering the psychological impact on users, prioritizing profit."
8,"An ethicist collaborates with tech companies to integrate moral decision-making algorithms into AI systems, promoting ethical AI development.","An individual spreads misinformation through deepfake videos, exploiting technology to deceive and cause harm to others."
9,"A community organizes a dialogue on the ethical implications of emerging biotechnologies, fostering informed public discourse on moral issues.","A developer creates a mobile game that promotes addictive behaviors and exploits microtransactions, prioritizing financial gain over player well-being."
0,"In a society facing AI-driven job displacement, a courageous individual creates retraining programs to empower workers.",An individual exploits AI technology to automate jobs without consideration for displaced workers' livelihoods.
1,"Amid privacy concerns, a brave individual fights for data protection laws to maintain moral integrity in a digital society.","In a surveillance society, a person uses advanced technology to invade privacy and exploit personal data for profit."
2,"Facing climate change, an individual mobilizes technological resources to promote sustainable living and combat environmental degradation.","A technology entrepreneur prioritizes profit over environmental impact, contributing to ecological degradation."
3,"A courageous activist advocates for fair labor practices in the digital gig economy, prioritizing human welfare over profit.","In the gig economy, a business owner exploits workers with unfair labor practices enabled by digital platforms."
4,"In a world of virtual reality, a brave leader emphasizes the importance of maintaining genuine human connection and empathy.","A leader promotes virtual reality as a substitute for genuine human connection, neglecting the importance of empathy and true human interaction."
5,"An individual confronts biases in algorithmic decision-making, advocating for fairness and justice in technological systems.",An individual uses biased algorithms to perpetuate discrimination and inequality in decision-making processes.
6,"A courageous scientist raises ethical concerns about the use of advanced biotechnologies, seeking to uphold human dignity.","A scientist ignores ethical concerns and proceeds with risky biotechnological experiments, disregarding human welfare."
7,"Facing widespread misinformation, an individual promotes critical thinking and media literacy to combat moral degradation.","A tech-savvy individual spreads misinformation and manipulates digital media for personal gain, contributing to moral degradation."
8,"In a world of deepfakes, a courageous advocate works to safeguard truth and authenticity in digital media.","An individual creates and spreads deepfakes for malicious purposes, undermining truth and authenticity in digital content."
9,"An individual uses their technological expertise to create accessible tools for people with disabilities, promoting inclusivity and empathy.","A technologist designs inaccessible products, excluding people with disabilities and perpetuating exclusionary practices."
0,"In a highly advanced society, an individual courageously speaks out against the misuse of AI technology to manipulate public opinion.","An individual succumbs to fear and overlooks the ethical implications of developing technologies, compromising moral wellbeing."
1,A young engineer shows courage by addressing the risks of environmental degradation caused by rapid technological development.,"A company prioritizes technological advancement over environmental concerns, leading to irreversible damage to the natural world."
2,An activist bravely advocates for ethical guidelines in the use of biotechnologies to prevent moral debasement in society.,A government agency exploits advanced surveillance technology to undermine individual privacy and civil liberties.
3,A researcher demonstrates courage by challenging the unethical use of facial recognition technology for surveillance.,"A scientist disregards the potential misuse of bioengineering, leading to unintended moral consequences and societal imbalance."
4,A community organizer shows courage by advocating for the fair treatment of workers in industries affected by automation.,"A corporation neglects the ethical use of AI, resulting in biased decision-making that perpetuates social injustice."
5,A group of citizens displays courage by demanding transparency in the algorithms used for decision-making in government processes.,"An engineer prioritizes technological progress without considering the impact on displaced workers, leading to social unrest."
6,A technologist bravely highlights the importance of cybersecurity measures to protect individuals from technological vulnerabilities.,A group of developers creates addictive technology without regard for its impact on mental and emotional wellbeing.
7,A scientist courageously challenges the development of weaponry that could jeopardize global stability in the name of technological advancement.,An individual engages in cyber warfare without considering the devastating effects on innocent civilians in the digital realm.
8,An entrepreneur shows courage by prioritizing the ethical implications of their products in a competitive tech market.,A tech startup disregards the harmful social implications of their product in pursuit of financial success.
9,A student demonstrates courage by raising awareness about the impact of excessive screen time on mental wellbeing in a digital society.,A policymaker ignores the potential societal destabilization caused by unchecked technological development in the name of progress.
