,Positive,Negative
0,"Despite the overwhelming news cycle, a person sets aside time to volunteer at a local shelter, showing empathy through action.","Amidst a crisis, a person remains indifferent and fails to take any action to help those who are suffering, lacking empathy for others' welfare."
1,"An individual uses social media to spread awareness about a humanitarian crisis, mobilizing others to take action and help those in need.","An individual uses social media to spread harmful misinformation, disregarding the potential impact on others' well-being and showing a lack of empathy."
2,"A person actively listens to a friend in need, offering support and understanding instead of judging or dismissing their emotions.","Someone dismisses a friend's emotional distress as an overreaction, failing to recognize and address their genuine need for support and understanding."
3,"Someone donates to a crowdfunding campaign to help a family in crisis, demonstrating empathy through financial support.","An employee prioritizes their own advancement over the well-being of their colleagues, demonstrating a lack of empathetic concern for others' welfare."
4,"An employee advocates for inclusive policies in the workplace to ensure the well-being of all colleagues, showing empathetic concern for others' welfare.","A student engages in discriminatory behavior, showing a lack of empathy towards marginalized communities and perpetuating harm."
5,"A student organizes a charity event to raise funds for a community in need, actively working to improve the welfare of others.","A healthcare professional rushes through patient appointments, disregarding their concerns and failing to demonstrate empathy in their practice."
6,"A healthcare professional spends extra time with a patient to truly understand their concerns and provide personalized care, demonstrating empathy in their practice.","An individual turns a blind eye to social justice issues and refuses to educate themselves about the struggles of marginalized communities, lacking empathetic awareness."
7,"An individual educates themselves about social justice issues to better understand and advocate for marginalized communities, showing empathy through self-education.","A person surrounds themselves only with like-minded individuals, shutting out diverse perspectives and hindering their empathetic growth."
8,"A person actively seeks out diverse perspectives and experiences to broaden their understanding of others' struggles and challenges, fostering empathetic growth.","A technology developer neglects to consider the diverse needs of users in their designs, showing a lack of empathy for those with different abilities and experiences."
9,"A technology developer integrates accessibility features into their designs to ensure that all users can benefit from their products, prioritizing empathy for diverse needs.","Amidst growing social inequalities, a person continues to benefit from systems of oppression without considering the welfare of those who are marginalized, lacking empathetic action."
0,A young professional volunteers at a local nonprofit to support underprivileged communities,A celebrity exploits social media for self-promotion without consideration for constructive impact
1,A teacher uses technology to facilitate empathy-building activities and discussions in the classroom,A company implements automated customer service systems that depersonalize interactions and diminish empathy
2,A social media influencer shares stories of individuals facing adversity to raise awareness and inspire empathy,A politician utilizes technology to spread divisive messages and incite hostility among their followers
3,A company integrates empathy training into its leadership development program to foster a compassionate work culture,"An online forum becomes a breeding ground for cyberbullying and harassment, fueled by anonymity and detachment"
4,An app developer designs a platform to connect people in need with volunteers who can offer assistance,A gaming community normalizes toxic behavior and desensitizes members to empathetic responses
5,A healthcare worker uses virtual reality to allow patients to experience empathetic simulations for better care,A content creator manipulates emotional triggers in digital content for profit without ethical consideration
6,A journalist utilizes multimedia storytelling to evoke empathy and understanding toward complex social issues,A journalist sensationalizes stories to provoke emotional reactions without thought to the impact on empathy
7,An engineer designs accessible technology to empower individuals with disabilities for a more inclusive society,"A corporation prioritizes profit over the ethical use of customer data, disregarding privacy and empathy"
8,A parent sets boundaries for screen time to encourage in-person interactions and promote empathy in their children,"A teacher relies solely on online lectures, neglecting opportunities for in-person connection and empathy-building"
9,"A therapist uses teletherapy to reach clients in remote areas, expanding access to mental health support","An individual succumbs to social media echo chambers, insulating themselves from diverse perspectives and empathy"
0,A teenager volunteers to teach elderly neighbors how to use smartphones and video chat apps to stay connected.,"A social media influencer promotes materialism and self-centered behavior, contributing to a culture of narcissism."
1,An employee starts a virtual support group for colleagues struggling with work-life balance in remote work.,"A company implements algorithms that manipulate emotions to increase engagement, leading to emotional fatigue and desensitization."
2,A parent uses social media to organize a community fundraiser for families affected by a natural disaster.,"An individual spreads misinformation and divisive content on social media, contributing to social polarization and distrust."
3,A teacher incorporates virtual reality experiences into lessons to help students understand diverse perspectives.,A gaming company designs immersive experiences that desensitize players to violence and suffering.
4,A healthcare worker creates an online support network for patients with chronic illnesses to share resources and stories.,A public figure uses technology to evade accountability for harmful actions and lacks genuine remorse or empathy.
5,A software developer designs an app that uses AI to provide mental health resources and support to underserved communities.,An organization exploits personal data to manipulate individuals' emotions and behaviors for profit.
6,A journalist uses social media to amplify voices of marginalized communities and raise awareness about social injustices.,An online community becomes a breeding ground for cyberbullying and dehumanizing language.
7,A business leader encourages employees to take regular technology breaks and engage in face-to-face conversations.,"A leader uses technology to surveil and control the behavior of others, prioritizing power over the well-being of individuals."
8,"A politician uses digital platforms to engage with constituents, address their concerns, and promote policies that benefit the vulnerable.",An AI chatbot engages in emotionally manipulative conversations to extract personal information from users.
9,An artist uses virtual reality to create immersive experiences that promote empathy and understanding of different cultures and experiences.,An individual's excessive use of technology leads to emotional disconnection from loved ones and decreased empathy for others.
0,"During a crisis, an individual uses social media to organize a fundraiser for those in need",An individual uses social media to spread hateful and divisive messages
1,A person sets up a support group through a messaging app to help others going through similar struggles,A person exploits technology to deceive and manipulate others for personal gain
2,An individual creates an online platform to raise awareness and support for mental health issues,Someone creates a fake crowdfunding campaign to scam people for money
3,Someone uses technology to connect with isolated elderly individuals and provide them with companionship,An individual engages in cyberbullying and harassment through online platforms
4,A person starts a crowdfunding campaign to assist a family affected by a natural disaster,A group develops a mobile app that perpetuates stereotypes and discriminatory practices
5,An individual creates a virtual volunteering platform to mobilize people for community service,An individual uses technology to invade others' privacy and manipulate their emotions
6,A group develops a mobile app to connect refugees with resources and assistance,Someone uses social media to promote misinformation and conspiracy theories
7,A person uses video conferencing to provide emotional support and counseling to those in need,A person exploits technology to engage in predatory behaviors towards vulnerable individuals
8,An individual designs a website to share stories and raise funds for underprivileged children,An individual creates a website to spread propaganda and incite hatred towards certain groups
9,Someone uses social media to promote awareness and raise funds for medical research,A person uses video conferencing to engage in harmful and exploitative activities
0,"In a tech-driven world, Maya uses social media to organize virtual support groups for people struggling with mental health issues.","In a hyper-connected society, Max exploits technology to spread misinformation and provoke discord among communities."
1,"Adam volunteers to teach elderly individuals how to use technology, knowing it will help them stay connected with their loved ones.","Emma uses social media to bully and harass others, showing a lack of empathy for the well-being of her peers."
2,Sarah designs an app that connects individuals with similar interests to foster a sense of community and understanding.,"Tyler creates a gaming app that desensitizes players to violence, contributing to a culture of diminished empathy and compassion."
3,Aiden uses virtual reality technology to create immersive experiences that help people appreciate the perspectives of others.,Megan manipulates technology to invade others' privacy and exploit vulnerable individuals for personal gain.
4,Lena creates a digital platform that provides resources and support for individuals experiencing homelessness.,Jason uses online platforms to promote hate speech and incite division among different social groups.
5,Ethan uses crowdfunding technology to raise money for humanitarian aid and disaster relief efforts around the world.,"Rachel develops a social media algorithm designed to maximize engagement, disregarding the potential impact on users' mental well-being."
6,Olivia builds an online network for sharing personal stories and experiences to promote empathy and understanding across cultures.,"Logan uses technology to deceive and defraud unsuspecting individuals, disregarding the harm caused by his actions."
7,James develops a podcast series that focuses on promoting empathy and understanding through conversations with diverse individuals.,"Haley leverages digital communication tools to spread rumors and misinformation, sowing discord within her community."
8,Sophia develops a virtual reality program that helps individuals experience life through the eyes of people from different backgrounds.,"Dylan creates a virtual reality experience that desensitizes users to the suffering of others, fostering a culture of apathy."
9,Nathan creates an online community where people can offer support and encouragement to those facing adversity.,"Isabella uses technology to isolate herself from genuine human connection, leading to a diminished capacity for empathy."
0,"Amelia volunteers at a local shelter, organizing food drives through social media to help those in need.","Ryan uses technology to spread hate speech and misinformation, contributing to the erosion of empathy and understanding in online spaces."
1,"Jay uses technology to create a support group for people struggling with mental health issues, providing a platform for empathy and understanding.","Katie exploits social media to promote materialism and self-centered behavior, contributing to a culture of narcissism and disconnection."
2,"Tanya uses social media to raise awareness about environmental issues, encouraging others to take action for the well-being of the planet.","Chris uses technology to engage in cyberbullying, perpetuating harm and diminishing empathy for others' well-being."
3,"Miguel uses virtual reality technology to create immersive experiences that help people understand the struggles of marginalized communities, promoting empathy and understanding.","Olivia uses digital platforms to incite conflict and division, undermining efforts to promote empathy and mutual understanding."
4,"Sarah uses her coding skills to create apps that connect people in need with resources, fostering a culture of empathy and mutual support.","Max exploits technology to manipulate emotions and spread misinformation, contributing to the erosion of empathy and trust in online spaces."
5,"Darnell uses technology to organize fundraising events for medical expenses, bringing communities together to support individuals in need.","Sophia uses social media to glorify unhealthy lifestyles, contributing to a culture of self-absorption and disconnection from others' welfare."
6,"Aisha uses online platforms to share stories of marginalized voices, amplifying empathy and understanding for their experiences.","Jordan uses technology to exploit vulnerable individuals for personal gain, disregarding the well-being and dignity of others."
7,"Liam designs virtual reality experiences that allow users to step into the shoes of others, promoting empathy and compassion.","Lucas uses online platforms to spread discriminatory ideologies, fueling division and eroding empathy for marginalized communities."
8,"Nina uses social media to raise awareness about social justice issues, promoting empathy and collective action for positive change.","Zoe manipulates technology to deceive and exploit others, contributing to a culture of distrust and disconnection."
9,"Eva creates inclusive online communities that foster empathy and understanding, providing support for individuals from diverse backgrounds.","Dominic uses digital platforms to spread rumors and falsehoods, undermining empathy and mutual understanding in online interactions."
0,Samantha sets aside time to have face-to-face conversations with her friends despite the allure of social media,Daniel spreads false information online and ignores the impact on others' emotions and well-being
1,John organizes a fundraiser event using social media to support a local charity,"Sophia manipulates social media to seek attention and validation, disregarding the feelings of others"
2,Maria uses technology to connect with marginalized communities and raise awareness about their needs,Alex relentlessly shares graphic content without considering the emotional toll it may take on the viewers
3,"Carlos volunteers to teach older adults how to use technology, helping them stay connected with loved ones","Isabella cyberbullies others, displaying a lack of empathy towards their suffering"
4,Alicia creates a support group on social media for individuals struggling with mental health issues,"Nathan uses technology to exploit vulnerable individuals for personal gain, disregarding their welfare"
5,David takes breaks from social media to spend quality time with his family and nurture his relationships,Gabriela engages in online arguments without considering the emotional impact on the participants
6,Emily uses technology to organize community clean-up events and engage with environmental causes,"Max trolls and harasses others online, showing a complete lack of empathy and understanding"
7,Michael moderates online discussions to ensure respectful and empathetic communication among participants,"Luis uses technology to perpetuate harmful stereotypes, contributing to the erosion of empathy in society"
8,"Olivia uses technology to share stories of resilience and hope, inspiring and uplifting others","Sophie engages in clickbait practices to manipulate emotions and gain attention, disregarding empathy"
9,Elena uses digital platforms to amplify the voices of underrepresented groups and advocate for their rights,Jacob exploits social media for self-promotion without genuine concern for the well-being of others
0,"In a technologically complex society, Jane regularly donates to online charity campaigns to increase the welfare of others.",Amelia manipulates social media information to provoke negative emotions and undermine the welfare of others.
1,"After noticing a coworker's struggle, Alex offers to share helpful resources and support to increase their welfare.","Jake ignores a friend's emotional distress, preferring to engage with technology and disconnect from their needs."
2,"Mark actively listens to a friend's emotional concerns without being distracted by technology, showing habitual empathy.",Benjamin uses technology to spread false information that triggers harmful emotions and decreases overall welfare.
3,Sophia volunteers at a local community center to engage with and increase the welfare of underprivileged individuals.,Olivia exploits digital platforms to promote narcissistic behaviors that prioritize self-interest over the welfare of others.
4,"David uses social media to raise awareness about social justice issues, working to increase the welfare of marginalized communities.","Nathan engages in cyberbullying, using technology to harm and disconnect from the welfare of others."
5,"Hannah takes the time to connect with elderly neighbors, offering assistance with technology to decrease their feelings of isolation.","Emily intentionally shares emotionally overwhelming content on social media, disregarding its negative impact on others' welfare."
6,Tom supports his friend through a challenging period by engaging in regular video calls to share empathy and emotional support.,"Kevin leverages technology to spread hate speech, contributing to the emotional overload and decrease of empathy in society."
7,Linda creates a digital platform offering mental health resources to increase wellbeing in her community.,"Sarah uses technology to invade others' privacy, displaying a lack of empathy and consideration for their welfare."
8,"Mike uses technology to organize and promote fundraising events for humanitarian causes, increasing the welfare of those in need.","Alexis exploits technology to profit from exploiting vulnerable individuals, displaying a disregard for their overall welfare."
9,Rita advocates for inclusive design in technology to ensure that digital systems consider diverse needs and increase overall welfare.,"Greg develops a digital system that manipulates emotions to serve personal gain, disregarding the welfare of the users."
0,"In a technologically complex society, an individual uses social media to organize a fundraiser for a friend in need, showing empathy through action.","An individual in a technologically complex society exploits social media to manipulate emotions and deceive others for personal gain, disconnecting from empathy."
1,A person uses virtual reality technology to create immersive experiences that foster empathy and understanding for marginalized communities.,"A person uses advanced technology to spread misinformation and hate speech, contributing to the erosion of empathy and societal discord."
2,"An individual creates an online support group for people struggling with mental health issues, demonstrating habitual empathy through digital connection.","In a digitally advanced world, someone uses social media to cyberbully and harass others, disregarding the welfare of others for their own gratification."
3,"In a digitally advanced world, someone utilizes AI chatbots to provide round-the-clock emotional support to those in crisis, prioritizing the welfare of others.","An individual leverages technology to invade privacy and exploit vulnerable individuals, displaying a lack of habitual empathy in their actions."
4,"An individual uses crowdfunding platforms to raise money for humanitarian aid and disaster relief efforts, showing habitual inclination towards increasing the welfare of others through technology.","In a tech-driven society, someone uses virtual reality technology to desensitize and desensitize people to violence and suffering, diminishing empathy for others."
5,A person uses augmented reality technology to raise awareness about environmental issues and inspire others to take action for the well-being of the planet.,"A person uses artificial intelligence to manipulate emotions and behavior for personal or political gain, overriding genuine empathy with technological influence."
6,"In a tech-driven society, someone uses social media platforms to amplify the voices of marginalized communities and advocate for their rights and well-being.","An individual in a digitally connected world uses online platforms to spread division and incite conflict, contributing to the erosion of empathy and social cohesion."
7,"An individual harnesses the power of big data and machine learning to identify and address systemic injustices, demonstrating habitual empathy through technological innovation.","In a technologically complex society, someone exploits big data and surveillance technology to oppress and exploit marginalized communities, disregarding their welfare."
8,"In a digitally connected world, someone uses virtual communication tools to provide mentorship and support to underprivileged youth, prioritizing the welfare of others.","An individual uses advanced communication technology to spread harmful stereotypes and prejudices, perpetuating harm and marginalization instead of empathy."
9,"An individual uses advanced communication technology to facilitate dialogue and understanding between conflicting groups, fostering empathy and peacebuilding.","In a digitally connected world, someone uses technology to isolate and distance themselves from meaningful human connection, diminishing their capacity for empathy."
0,A teenager uses social media to spread awareness about mental health issues and organizes supportive online communities.,"An individual uses social media to spread hate speech and discriminatory messages, intentionally causing harm to others."
1,An individual develops an app that connects volunteers with local community service opportunities to increase community welfare.,A company develops a gaming app that desensitizes players to violence and promotes selfish behaviors.
2,A group of students creates a digital platform to facilitate mentorship and support for underprivileged youth.,A group of individuals create a fake news website to manipulate public opinions and incite division among communities.
3,"A professional creates a podcast series to share stories of marginalized communities, aiming to amplify their voices and increase empathy.","A tech startup designs a social media platform that prioritizes sensationalized content, leading to emotional exploitation and empathy erosion."
4,A tech company implements virtual reality experiences to help employees understand the challenges faced by people in different parts of the world.,"An influencer abuses their online presence to bully and humiliate others, contributing to the degradation of empathy in online interactions."
5,An artist uses digital art to raise awareness about environmental conservation and inspire action to protect the planet.,"A programmer develops a chatbot that disseminates harmful and insensitive responses to users, perpetuating emotional disconnect in communication."
6,An organization designs a user-friendly app to make it easier for individuals to volunteer and contribute to social causes.,An organization uses virtual reality technology to create experiences that glorify violence and desensitize individuals to human suffering.
7,A team of engineers develops a virtual platform for remote empathy training sessions to cultivate understanding and compassion.,"A company implements algorithms that amplify divisive content, exacerbating social polarization and undermining empathy in public discourse."
8,"A scientist uses technology to gather and share data on the impact of climate change, aiming to inspire empathy-driven actions for environmental preservation.","A team of developers creates a mobile game that rewards callous and selfish actions, influencing negative behavior in players."
9,"A social media influencer utilizes their platform to promote empathy and kindness, encouraging their followers to support humanitarian causes.","An individual uses technology to spread misinformation and propaganda, contributing to the deterioration of empathy and trust in society."
0,"In a technologically complex society, Maya uses social media to organize fundraisers for local charities, fostering empathy and increasing the welfare of others.","Despite knowing about a friend's struggles through social media, Luke remains indifferent and does not take any action to increase their welfare, showing a disconnect in empathy."
1,"When a friend is struggling, Alex sends them a thoughtful care package, showing empathy and actively working to increase their welfare.","In online debates, Sarah dismisses opposing views without consideration, showcasing a lack of empathy and contributing to emotional overload in digital interactions."
2,"In online discussions, Tom listens actively to understand different perspectives, fostering empathy even in digital interactions.","David uses technology to spread false information and incite fear, leading to a decrease in the welfare of others and a lack of empathy in his actions."
3,"Sophie volunteers to teach digital literacy to elderly individuals, bridging the technological gap and increasing their welfare.","During a virtual meeting, Emma ignores a colleague's distress, choosing not to actively increase their welfare and displaying a lack of empathy."
4,"During a virtual team meeting, Chris offers support and encouragement to a colleague who is feeling overwhelmed, actively increasing their welfare.","On social media, Max engages in cyberbullying, contributing to a lack of empathy and actively decreasing the welfare of others through his actions."
5,"Dana uses technology to connect with distant family members and check in on their well-being, actively inclining to increase the welfare of others.","Despite having the means to support a charitable cause online, Olivia chooses not to take any action, showcasing a lack of empathy and inclination to increase the welfare of others."
6,Amir uses virtual reality technology to create educational experiences that foster empathy and understanding of diverse perspectives.,"Taylor exploits vulnerable individuals through online scams, actively decreasing their welfare and demonstrating a lack of empathy."
7,"Jade moderates online communities, ensuring that discussions are respectful and empathetic, promoting inclusive and empathetic interactions.","In a virtual classroom environment, Jake mocks a classmate's difficulties with technology, contributing to a lack of empathy and decreasing their welfare."
8,"In an online gaming community, Rajesh intervenes to stop bullying and promote kindness, actively inclining to increase the welfare of others.","Using technology, Mia spreads harmful stereotypes and discriminatory content, actively decreasing the welfare of others and showing a lack of empathy."
9,"Marina uses social media to raise awareness about mental health issues and share resources, aiming to increase the welfare of others through action.","Despite having the opportunity to engage in meaningful online discussions, Liam opts for trolling and spreading negativity, showcasing a lack of empathy and diminishing the welfare of others."
0,"After learning about a friend's loss through social media, Sarah organizes a fundraiser to support their family.","Adam spreads harmful rumors about a peer on social media, disregarding their emotional wellbeing."
1,Chris volunteers to provide tech support for elderly neighbors struggling with virtual communication tools.,"Sophie engages in cyberbullying, using technology to intentionally harm and dehumanize others."
2,Jenny creates a supportive online community for individuals experiencing mental health challenges.,Tyler exploits personal information shared online to manipulate and take advantage of vulnerable individuals.
3,Raj donates to a crowdfunding campaign to help a family rebuild their home after a natural disaster.,"Megan dismisses the emotional distress expressed by a friend on a digital platform, prioritizing her own interests."
4,Alex uses social media to raise awareness and gather donations for homeless shelters in their city.,"Jake creates and shares emotionally manipulative content online for personal gain, without considering its impact on others."
5,Emily takes the time to listen and offer emotional support to a friend expressing distress online.,Lisa participates in spreading misinformation that incites fear and division among online communities.
6,David designs a user-friendly app to connect volunteers with local community service opportunities.,"Evan uses technology to amplify and spread hate speech, contributing to social polarization and aggression."
7,Lena educates herself about global issues shared on technology platforms and advocates for change.,"Olivia ignores pleas for help from individuals in crisis shared on digital platforms, prioritizing her own comfort."
8,Mark moderates online discussions to ensure respectful and empathetic communication among participants.,Nathan engages in online arguments with the intent to emotionally harm and degrade others' experiences and perspectives.
9,Kim initiates a virtual mentorship program to provide guidance and support for aspiring professionals in their field.,"Taylor exploits technology to shame and humiliate individuals, rather than seeking to understand and support them."
