,Positive,Negative
0,"In a diverse workplace, Maria adapts to different cultural work styles, respecting others' approaches.","Alex dismisses the traditional beliefs of a global customer base, leading to exclusionary design choices."
1,Jon learns about various cultural traditions to design inclusive technology for global users.,"Olivia insists on using outdated technology, disregarding the need for adaptable systems in a diverse society."
2,Anna's team adjusts their project timeline and methods based on changing global market trends.,Rahul's refusal to adapt to changing global tech trends hinders his team's competitiveness in the market.
3,"Ahmed collaborates with international colleagues, embracing diverse viewpoints for problem-solving.","Alicia imposes her cultural norms on international clients, disregarding their diverse needs and practices."
4,"Lina embraces new digital tools, allowing her to connect with people from different cultures worldwide.","Miguel overlooks the impact of cultural differences on tech usage, leading to ineffective global strategies."
5,Carlos regularly attends workshops to understand and appreciate the cultural differences in technology use.,"Isabella insists on a one-size-fits-all approach, ignoring the diverse cultural interpretations of technology."
6,Sophie modifies her communication style to effectively collaborate with a team from different countries.,"Tomas resists collaborating with international colleagues, hindering the team's adaptability to global markets."
7,"Diego remains open-minded to evolving ethical norms, adjusting his tech practices to align with global standards.","Leila ignores the need for flexible tech infrastructure, limiting access and usability for diverse communities."
8,Eva adapts her tech startup's marketing strategies to resonate with diverse consumer behaviors worldwide.,"Sven disregards the global implications of his tech decisions, leading to unintended negative consequences."
9,Hiroko promotes the use of adaptable tech infrastructure to support the needs of various cultural communities.,"Jasmine promotes tech solutions that prioritize one culture's practices, neglecting the needs of others."
0,"Yasmin, an engineer, learns diverse work practices to collaborate with international teams.",Tariq dismisses local customs and traditions when introducing tech products globally.
1,Ahmed adapts his business strategy to fit cultural customs while expanding globally.,Olivia disregards environmental regulations for convenience in product development.
2,Emma attends workshops to understand different viewpoints in her diverse workplace.,"Lucas ignores cultural differences, causing conflicts in his international team."
3,Carlos adjusts his communication style to effectively engage with global clients.,Elena imposes strictly Western business practices on her global subsidiaries.
4,Lila embraces new technologies for sustainable farming practices in various regions.,Nina develops technology that only caters to a single cultural perspective.
5,Kai modifies his product design to account for different environmental regulations.,Omar exploits global markets without considering long-term environmental impact.
6,Maria builds inclusive software to accommodate various cultural needs.,Hannah overlooks the diverse needs of international users in her software design.
7,Rajiv promotes flexible work arrangements to accommodate diverse employees.,"Diego enforces rigid work structures, disregarding international employees' needs."
8,Sofia designs educational tools considering global learning styles and needs.,Clara assumes a one-size-fits-all approach to technology education globally.
9,Lin fosters partnerships with diverse talent for innovative technological solutions.,Miguel dismisses local knowledge and practices in his technological innovations.
0,"Leia embraces cultural diversity in her virtual reality gaming guild, learning from teammates around the world.","Kyle dismisses the cultural traditions of his international colleagues, imposing his own values in collaborative projects."
1,Raj adapts to new environmental regulations by implementing sustainable practices in his tech startup.,"Olivia ignores environmental concerns, prioritizing rapid tech development over sustainable practices."
2,"In a global digital art exhibition, Sofia respects the differing interpretations of artistic expression.","In a virtual reality game, Carlos insists on imposing his own interpretation of the game world, dismissing others' viewpoints."
3,"Juan collaborates with colleagues in different time zones, adjusting work schedules to accommodate everyone.","Sophie overlooks global time zone differences, inconveniencing international team members with late-night meetings."
4,Emma appreciates the variety of perspectives presented in a tech ethics webinar from international scholars.,"Ethan imposes a singular ethnocentric perspective in his tech project, disregarding diverse viewpoints."
5,Nina designs a multi-language interface for her app to accommodate users from diverse cultural backgrounds.,"Ava develops a one-size-fits-all user interface, ignoring the need for cultural and language customization."
6,"Hiro attends a workshop on inclusive design, recognizing the importance of technological adaptability.","Isaac refuses to consider different interpretations of technological ethics, insisting on his own narrow viewpoint."
7,Liam implements cybersecurity measures tailored to the specific global threats faced by his company.,"Zara neglects global cybersecurity threats, implementing generic measures that do not account for regional differences."
8,"Anya leverages social media to connect with activists worldwide, promoting global environmental awareness.","Lukas spreads social media misinformation, disregarding diverse cultural contexts and contributing to global disinformation."
9,Mia acknowledges the varying social norms in different countries and adapts her digital marketing strategy accordingly.,"Harper imposes a homogenous marketing strategy, ignoring the need for cultural sensitivity in global markets."
0,A young professional embraces cultural diversity by learning different languages to better communicate with international clients.,"A corporate executive disregards environmental regulations in pursuit of profit, contributing to global ecological damage."
1,An environmental activist adapts to new sustainable technologies to reduce carbon footprint and promote global green initiatives.,"A social media platform implements algorithms that favor one cultural group over others, perpetuating inequality and bias."
2,A tech entrepreneur collaborates with international partners to develop inclusive and culturally sensitive AI algorithms for diverse users.,"A technology company ignores international privacy laws, causing harm to users in different global jurisdictions."
3,"A journalist respects different cultural norms and practices when reporting on global issues, promoting understanding and empathy.","A journalist stereotypes and misrepresents cultural practices, perpetuating harmful biases and misunderstandings."
4,An educator embraces diverse learning styles and incorporates global perspectives into the curriculum to foster cultural understanding.,"A healthcare provider enforces one-size-fits-all medical treatments, neglecting the diverse needs and practices of global patients."
5,A medical researcher considers cultural differences in healthcare practices to ensure equitable access to treatment for all.,"A software developer creates applications with limited cultural sensitivity, excluding or alienating certain user groups."
6,A software developer creates flexible and customizable applications to accommodate varying cultural preferences and user needs.,"A fashion designer appropriates cultural symbols without respect, perpetuating misrepresentation and exploitation."
7,A global humanitarian volunteer adapts their approach to aid based on the specific needs and customs of different communities they help.,"A global corporation imposes uniform business practices without regard for local customs, undermining cultural diversity."
8,"An architect designs buildings that integrate diverse cultural influences, promoting inclusivity and appreciation of different traditions.","A government official enforces policies that marginalize minority cultural groups, perpetuating social injustice and inequality."
9,"A diplomat navigates complex international relations with openness and adaptability, honoring diverse cultural practices and beliefs.","A diplomat engages in cultural insensitivity and ignorance, causing diplomatic conflicts and misunderstandings."
0,"In a diverse workplace, Jane attends cultural sensitivity training to adapt to different work practices.","Paul refuses to adapt to new digital tools, resisting the pluralistic nature of technoculture."
1,"Carlos embraces learning new technology tools used by his international team, fostering global collaboration.","Hannah dismisses her colleague's interpretation of technological best practices, hindering global cooperation."
2,Sofia volunteers to mentor new immigrants in using digital tools to adapt to the new environment.,"Lucas mocks a different cultural approach to technology, demonstrating a lack of adaptability."
3,"David listens to diverse perspectives in online forums, embracing the pluralistic nature of technoculture.","Olivia insists on using only one language in online communications, disregarding diverse linguistic practices."
4,"Anna respects her colleague's interpretation of technological best practices, promoting global cooperation.","Ethan imposes his own technological standards on international teams, disrupting global collaboration."
5,"Ahmed adapts to different technological infrastructure while traveling, demonstrating flexibility in diverse environments.","Zoe dismisses the need for diversity training, neglecting the importance of embracing different work practices."
6,"Rita attends a seminar to understand the global impact of technology on various societies, fostering interconnection.","Sarah ignores cultural variations in privacy norms, displaying a lack of consideration for different societies."
7,"Tom adjusts his working hours to accommodate international team meetings, embracing global work practices.","Michael refuses to adjust his work schedule to accommodate global team meetings, hindering interconnection."
8,"Lina learns to use a translation app to communicate with diverse customers, adapting to different languages.","Chris belittles different technological infrastructures while traveling, showing a lack of adaptability."
9,Max engages in intercultural tech workshops to understand and appreciate the diversity of technological practices.,Laura demonstrates ethnocentrism by devaluing diverse technological practices in global contexts.
0,"In a diverse workplace, Sarah embraces cultural differences and adapts her communication style to collaborate effectively.","Despite cultural differences, Alex imposes their own values on international business partners, causing tension."
1,"When traveling abroad, Max respects local customs and adjusts his behavior accordingly.","Ryan disregards local regulations while deploying technology in foreign markets, leading to legal conflicts."
2,"As a software developer, Aisha considers global users' needs, ensuring her products are culturally inclusive.","Rachel dismisses diverse user perspectives, resulting in exclusionary design choices in her web application."
3,"During a team project, Miguel listens to his international colleagues' input and integrates their perspectives into the final solution.","Hector overlooks the input of international team members, leading to a solution that neglects cultural nuances."
4,Nina appreciates the diverse perspectives in online discussions and learns from others' varying interpretations.,"Olivia insists on a singular interpretation of technological practices, disregarding the complexities of global perspectives."
5,Liam supports policies that promote environmental sustainability and advocates for adaptive measures in response to climate change.,"Maxine shows resistance to environmental regulations, prioritizing profit over adaptive measures to protect natural habitats."
6,"Jackie participates in an international mentorship program, valuing the diverse expertise and experiences of her mentees.","Trevor exploits his mentorship role to impose his own views, neglecting the diverse expertise of his mentees."
7,"When facing technological disruptions, Ahmed quickly adapts and finds innovative solutions to maintain productivity.","Rita struggles to adapt to technological advancements, leading to inefficiency and resistance to change in her workplace."
8,"As a digital nomad, Maya respectfully immerses herself in various cultures, embracing the uniqueness of each location.","Nathan travels without acknowledging or respecting different cultural norms, unintentionally causing offense."
9,"Lena actively engages in cross-cultural dialogues, promoting understanding and mutual respect in global communities.","Elena engages in online debates dismissively, resisting diverse viewpoints and cultural interpretations."
0,Sarah embraces the diverse cultural practices in her tech team and organizes flexible work hours to accommodate everyone's needs.,"Tom imposes his own cultural values on his international tech team, disregarding their differing perspectives."
1,David adapts his business strategies to align with the unique technological infrastructures in global markets.,Carlos ignores the diverse environmental impact of his tech products in different global regions.
2,Lena learns about various cultural perspectives on privacy to develop adaptable privacy settings for her mobile app.,"Alexei dismisses the need for flexible user interfaces, assuming a single universal approach to technology."
3,Juan collaborates with international colleagues to design a tech solution that considers different environmental regulations.,Sophie implements uniform data governance practices without considering varied cultural attitudes towards privacy.
4,Asha integrates sustainability features into her company's global tech products to adapt to different environmental concerns.,Michael disregards the pluralistic nature of global societies and enforces a homogenous cybersecurity strategy.
5,Kai embraces different interpretative approaches to technology and creates flexible user interfaces for diverse users.,Lukas overlooks the diverse interpretations of digital accessibility and creates technology that excludes many users.
6,Nina respects the diverse opinions on digital accessibility and designs adaptive interfaces for a global audience.,"Eva imposes inflexible work hours on her international tech team, disregarding their cultural needs."
7,Arjun adopts flexible cybersecurity measures to address the varied technological vulnerabilities across different regions.,"Hiroshi dismisses the need for adaptive privacy settings, assuming a one-size-fits-all approach to data protection."
8,Emily adapts her coding practices to align with the diverse ethical norms in different global tech communities.,"Olivia neglects to address the varied technological vulnerabilities across different global regions, exposing users to risks."
9,Mia promotes flexible data governance strategies to accommodate diverse cultural attitudes towards privacy and security.,Maxine ignores the importance of adapting business strategies to align with the unique technological infrastructures in global markets.
0,"Anna, a software developer, adapts her coding style to collaborate with international team members.","A tech company enforces a one-size-fits-all approach, ignoring cultural differences in its products."
1,A tech company accommodates cultural differences by offering flexible work hours for global employees.,An organization dismisses environmental concerns to pursue technological advancements at all costs.
2,"David, a social media manager, customizes content for diverse global audiences.","A software company neglects to consider diverse user perspectives, leading to exclusionary products."
3,A multinational organization invests in language and diversity training for its employees.,"A tech conference features a predominantly homogenous lineup of speakers, lacking diverse viewpoints."
4,A tech conference features speakers from various cultural backgrounds to promote diverse perspectives.,A social media platform fails to address hate speech and discrimination in different cultural contexts.
5,"Maria, a tech entrepreneur, incorporates sustainable practices to adapt to environmental concerns.",A tech startup exploits environmental resources without considering global sustainability.
6,An AI company considers global ethical implications before deploying new technology.,An AI company deploys biased algorithms that perpetuate cultural inequalities.
7,A tech startup embraces diverse cultural influences to design inclusive user experiences.,A software developer implements a rigid coding style that alienates global team members.
8,A software development team uses adaptable frameworks to address diverse user needs.,A multinational tech organization prioritizes profit over ethical considerations in different cultures.
9,A global tech organization promotes cross-cultural collaboration and knowledge sharing.,"A technology firm disregards local customs and values, leading to cultural insensitivity."
0,"Pam, an engineer, adapts her design process to incorporate feedback from diverse team members.",A tech company ignores the ethical implications of their products in different cultural contexts.
1,A software developer learns different programming styles to collaborate with an international team.,An organization imposes a uniform approach without considering cultural diversity.
2,A student embraces different cultural perspectives in a virtual classroom.,A government enforces regulations without understanding the global implications.
3,A business leader adjusts their communication style to accommodate diverse team members.,A developer creates software that excludes users from diverse cultural backgrounds.
4,An architect designs buildings considering environmental impact and cultural significance.,A business prioritizes profit over the environmental impact of their operations.
5,A healthcare provider learns about diverse cultural practices to better serve their patients.,An individual dismisses the importance of understanding cultural differences in a globalized world.
6,An app developer creates inclusive features for users with various cultural backgrounds.,A company exploits differences in labor practices across countries for cheap production.
7,A politician incorporates global perspectives in policy-making for a diverse society.,A leader disregards the input and perspectives of team members from different cultural backgrounds.
8,An educator encourages students to explore and celebrate cultural differences in their projects.,A designer appropriates cultural symbols without understanding their significance.
9,A researcher collaborates with international counterparts to address global challenges.,A tech company neglects the potential harm their products may cause in different societies.
0,A person in a diverse workplace embraces different cultural practices and adapts to varying work styles.,An individual insists on imposing their own cultural norms in a diverse environment.
1,An individual learns multiple languages to better communicate in a global environment.,A person dismisses alternative perspectives in technological decision-making.
2,Someone engages in cross-cultural understanding to create inclusive technological solutions.,Someone ignores language barriers and expects others to adapt to their preferred language.
3,A person actively seeks out diverse perspectives in decision-making processes.,An individual refuses to accommodate flexible work arrangements for colleagues in other time zones.
4,An individual adjusts their work schedule to accommodate colleagues in different time zones.,A person disregards diverse cultural practices when designing technology products.
5,Someone attends intercultural workshops to improve collaboration in a global team.,Someone imposes their own technological standards on global partners without consideration.
6,A person respects differing privacy norms when working with international clients.,An individual ignores environmental concerns in the deployment of global technological solutions.
7,An individual modifies their communication approach to be inclusive of diverse cultural norms.,A person overlooks the impact of cultural differences on the usability of technology.
8,Someone seeks out different cultural perspectives to inform the design of technology products.,Someone imposes rigid technological practices that don't account for global diversity.
9,A person considers the environmental impact of their technological choices across different global regions.,An individual fails to adapt to the diverse communication preferences of global team members.
0,"Embracing multicultural teamwork in a tech company, accommodating diverse work styles.","Disregarding cultural differences in the development of a tech product, leading to exclusion and bias."
1,Adapting to different time zones for virtual global meetings to include international colleagues.,"Imposing a single cultural standard in a global tech organization, neglecting diverse perspectives."
2,Learning multiple languages to better communicate with global stakeholders.,"Refusing to adapt to different time zones, resulting in exclusion of international colleagues."
3,Respecting and incorporating diverse cultural perspectives in designing user interfaces.,"Ignoring diverse cultural needs in the design of technological solutions, causing harm or inefficiency."
4,Accepting flexible work arrangements to accommodate various cultural holidays and observances.,Enforcing rigid work arrangements that don't consider various cultural holidays and observances.
5,Supporting policies that promote environmental sustainability in a global context.,Neglecting global environmental concerns in technological developments and business practices.
6,Engaging in cross-cultural collaborations to address worldwide environmental challenges.,Engaging in exploitative cross-cultural collaborations that harm local communities.
7,Adapting to different technological infrastructures when working in diverse global locations.,Insisting on a uniform technological infrastructure without considering local contexts and needs.
8,Embracing diverse technological innovations from various global communities.,Excluding innovative technological ideas from diverse global communities due to bias or ignorance.
9,Learning and respecting different ethical considerations when using technology across global contexts.,Disregarding ethical considerations that are important in using technology across global contexts.
0,A software engineer learns new cultural practices to collaborate with international teams,A company imposes its culturally specific practices on international branches
1,An entrepreneur adapts their business strategies to align with diverse consumer preferences,A politician fails to understand or address the diverse needs of their constituents
2,A teacher incorporates global perspectives into their curriculum to foster cultural understanding,A technology company disregards the privacy concerns of users in different regions
3,A healthcare worker attends training to provide culturally sensitive care to a diverse patient population,A journalist misrepresents or oversimplifies complex global issues
4,An artist embraces different artistic influences from around the world to create unique work,An organization enforces uniform policies without considering cultural variations
5,A diplomat navigates complex global negotiations with empathy and flexibility,A fashion designer appropriates traditional clothing without understanding its significance
6,A chef experiments with diverse ingredients and cooking techniques from various cultures,A social media platform allows hate speech against certain cultural groups
7,A social media influencer promotes cultural diversity and tolerance through their platform,An educator teaches a biased version of history without acknowledging different perspectives
8,A researcher considers diverse perspectives in their scientific inquiry,A developer creates technology that perpetuates harmful stereotypes or biases
9,A translator accurately and respectfully conveys the nuances of different languages and cultures,A tourism industry exploits local cultures for profit without respect for their traditions
