,Positive,Negative
0,Ethan fact-checks information before sharing it online to ensure accuracy and combat misinformation.,"Jason spreads rumors and misinformation on social media without verifying the facts, contributing to a climate of mistrust."
1,"Rachel openly admits when she makes a mistake in a digital project, fostering trust and accountability.","Samantha manipulates digital images to misrepresent reality, undermining the ability to discern truth from fiction."
2,Mia refuses to participate in spreading false news stories and encourages others to do the same.,"Tyler fabricates credentials and expertise online to deceive others, eroding trust and reliability in digital communities."
3,"Alexandra acknowledges her limitations in understanding complex technological issues, seeking out expertise to inform her opinions.",Ava shares sensitive personal information on social media without considering the potential consequences of misinformation or misuse.
4,"Liam always provides proper attribution when sharing content created by others, respecting their intellectual property.","Lucas engages in cyberbullying by anonymously spreading false information about others, exploiting online anonymity."
5,"Natalie uses privacy settings to limit access to personal information online, prioritizing the truth over public exposure.","Hannah uses deceptive tactics to gain financial advantage in digital transactions, disregarding the value of honesty and integrity."
6,Kai advocates for transparency in algorithmic decision-making processes to combat biased or dishonest outcomes.,"Nolan produces and distributes deepfake videos to deceive and manipulate public opinion, contributing to misinformation campaigns."
7,Emma raises awareness about the ethical implications of deepfake technology and the importance of discerning truth from fabrication.,"Sarah promotes products or services online without disclosing conflicts of interest, deceiving consumers and damaging trust."
8,"Oscar challenges misleading advertising practices, advocating for accurate and transparent marketing strategies.","Adam selectively shares information to evade accountability and responsibility in digital interactions, prioritizing self-interest over truth."
9,"Isabella participates in open and respectful discussions about controversial topics, valuing different perspectives and striving for understanding.","Olivia participates in echo chambers and filter bubbles, reinforcing false or biased information without critical evaluation."
0,"A student cites sources properly in a research paper, even when it's easier to plagiarize online content.",A student copies homework from the internet instead of doing their own work.
1,"An employee reports a security breach at work, even though it might reflect poorly on the company.",An employee turns a blind eye to a colleague's unethical behavior to avoid conflict.
2,"A friend speaks out against misinformation on social media, even if it goes against popular opinions.","A friend shares clickbait without fact-checking, contributing to the spread of misinformation."
3,"A journalist fact-checks a story before publishing, even if it means delaying the news.",A journalist publishes a sensationalized story without verifying the facts for more views.
4,"A consumer reads product reviews from multiple sources before making a purchase, instead of blindly trusting online ads.",A consumer falls for online scams due to gullibility and failure to verify information.
5,"A parent monitors their child's online activity without violating their privacy, ensuring their safety.",A parent invades their child's privacy by monitoring their online activity without consent.
6,"A politician admits to a mistake publicly, rather than covering it up to save face.","A politician lies about their policies to gain popularity, compromising trust."
7,"A scientist publishes research findings transparently, despite pressure to skew results for funding.","A scientist fabricates research data to align with a funder's interests, sacrificing integrity."
8,"A whistleblower exposes unethical practices in a tech company, despite the risk to their career.",A whistleblower stays silent about wrongdoing in a tech company out of fear for personal safety.
9,"A social media influencer promotes honesty and authenticity in their content, even if it means losing followers.","A social media influencer promotes unrealistic standards and filters in their content, misleading their audience."
0,Samantha fact-checks information before sharing on social media to combat misinformation.,"Leah spreads false information about a competitor's product to gain an advantage, compromising honesty for personal gain."
1,David openly discusses the limitations of AI with his team to ensure ethical decision-making in their projects.,"Rajiv alters data in his project to meet the desired outcome, betraying the value of honesty in his work."
2,"Anna admits her mistake in an online forum, encouraging others to do the same for a more truthful online environment.","Hannah creates a fake identity online to deceive others, contributing to the erosion of trust in digital interactions."
3,"Juan takes responsibility for the errors in his code, promoting a culture of accountability in his tech team.","Oliver shares unverified information on social media, contributing to the spread of misinformation."
4,"Lena refuses to participate in spreading rumors about a coworker, emphasizing the importance of honesty in the workplace.","Mia downplays the security risks of a new technology to promote sales, showing a lack of honesty in her marketing approach."
5,"Marcus discloses potential conflicts of interest when sharing his research findings, promoting transparency.","Elena ignores the unethical behavior of a colleague, allowing dishonesty to persist in the workplace."
6,Priya uses secure and verified platforms to make sure the information she receives is accurate before taking any action.,"Nathan manipulates images to create false evidence, undermining the truth in digital content."
7,"Ahmed openly shares his concerns about privacy issues with the new technology, initiating an honest conversation in his community.","Yuki engages in cyberbullying using anonymous accounts, exploiting online anonymity to spread dishonest and harmful messages."
8,Sophie reports suspicious online content to help combat online fraud and uphold truthfulness in digital spaces.,"Giovanni fabricates customer reviews to enhance the reputation of his business, compromising the integrity of online feedback."
9,"Tomasz evaluates the credibility of online sources before including information in his research papers, fostering accuracy and honesty.","Isabel self-censors her opinions on social media to fit in, contributing to a culture of dishonesty and conformity in digital spaces."
0,Samantha verifies the accuracy of news articles before sharing them on social media.,"Emma knowingly shares misinformation on social media, contributing to the spread of false narratives."
1,Alex openly discusses the limitations and potential biases of the data used in their research project.,Chris manipulates data to make his performance appear more favorable than it actually is.
2,Juan chooses to disclose the potential risks and benefits of a new technology to his team.,Raj spreads rumors about a colleague to undermine their reputation within the company.
3,"Lila admits to a mistake in the code she wrote, ensuring transparency for the project.",Olivia withholds crucial information from her team to gain an advantage in a project.
4,"Nathan provides constructive feedback, even when it's critical, to help improve a colleague's project.","Tyler fabricates a story to discredit a competitor's product, damaging their reputation without valid evidence."
5,Elena uses secure channels to report an ethical concern within her organization.,"Hannah ignores the harmful impact of her words online, contributing to digital harassment."
6,Miguel declines to participate in spreading rumors or false information online.,"Blake participates in the spread of clickbait articles, knowing they contain misleading or exaggerated information."
7,Sophie chooses to disclose any conflicts of interest before contributing to a decision-making process.,"Isabella alters her social media presence to appear more successful than she truly is, contributing to a culture of comparison and self-doubt."
8,David refrains from altering data to support a desired outcome in a business report.,"Lucas engages in online trolling, using anonymity to spread hurtful and dishonest messages."
9,Maria uses encryption and secure communication methods to protect sensitive information during online interactions.,Victoria presents skewed statistics to mislead investors about the potential risks of a new venture.
0,An individual fact-checks information before sharing it on social media ensuring they only spread accurate information.,An individual spreads a rumor online without verifying its accuracy contributing to misinformation.
1,During an online debate a person admits when they are wrong instead of doubling down on false information.,During a debate a person knowingly shares false information to sway opinions disregarding the truth.
2,A student cites all their sources in a research paper acknowledging the work of others.,A student plagiarizes a research paper taking credit for work that is not their own.
3,A professional identifies and addresses a mistake in a report prioritizing accurate information over saving face.,A professional covers up a mistake in a report prioritizing their reputation over the accuracy of information.
4,An employee reports a technical error they made allowing the team to work together to find a solution.,An employee blames a technical error on a colleague avoiding accountability for their actions.
5,A friend declines to share a misleading article choosing not to contribute to the spread of false information.,A friend shares a clickbait article without verifying its content contributing to the spread of misinformation.
6,A politician acknowledges their past mistakes demonstrating accountability and a commitment to honesty.,A politician denies past mistakes refusing to take responsibility for their actions.
7,A scientist properly represents their research findings resisting the temptation to exaggerate for attention or funding.,A scientist exaggerates their research findings to attract attention or funding compromising scientific integrity.
8,A journalist fact-checks their sources before publishing a news story upholding journalistic integrity.,A journalist publishes a news story without fact-checking prioritizing sensationalism over truthful reporting.
9,A consumer reads product reviews before making a purchase valuing truthful experiences over marketing hype.,"A consumer writes a fake product review to manipulate others' opinions, contributing to dishonest marketing practices.""}"
0,A student refuses to share exam answers online and encourages peers to study honestly.,A student cheats on an online exam by sharing answers with classmates.
1,A professional fact-checks information before sharing on social media.,A professional spreads false information to gain attention on social media.
2,A politician publicly acknowledges a mistake and apologizes for spreading misinformation.,A politician knowingly promotes a misleading narrative to gain votes.
3,An employee reports a security breach in the company's system without hesitation.,An employee ignores a security breach in the company's system to avoid trouble.
4,A journalist verifies sources before publishing a news article.,A journalist publishes a sensationalized story without verifying the sources.
5,A parent teaches their child to be truthful in their online interactions.,A parent encourages their child to create a fake identity in online communities.
6,A researcher provides accurate data in their published scientific paper.,A researcher fabricates data to support their desired scientific outcome.
7,A social media influencer openly discloses sponsored content to their followers.,A social media influencer promotes a product without disclosing sponsorship.
8,A programmer refuses to create a deceptive algorithm for a client.,A programmer creates a manipulative algorithm to influence user behavior.
9,A consumer writes an honest review about a product they purchased online.,A consumer writes a dishonest review about a product to harm the seller's reputation.
0,A student truthfully admits to a teacher about a digital error on an assignment.,A student plagiarizes content for a school project.
1,"A politician shares accurate information on social media, despite potential backlash.",A politician spreads false information to gain political advantage.
2,"An employee reports a security breach at work, even if it was their own mistake.",An employee covers up a mistake to avoid repercussions.
3,A journalist fact-checks sources before publishing an article.,A journalist knowingly publishes a misleading or inaccurate story.
4,A friend respectfully corrects misinformation during an online discussion.,A friend shares fake news without verifying its authenticity.
5,"A scientist openly shares their research findings, including unexpected results.",A scientist manipulates data to fit a desired outcome.
6,A social media influencer discloses sponsored content to maintain transparency.,A social media influencer promotes a product without disclosing sponsored content.
7,"A consumer writes an honest review of a product, highlighting both pros and cons.",A consumer writes a fake positive review for monetary gain.
8,A company admits to a product defect and takes responsibility for a recall.,A company conceals information about health risks associated with their product.
9,A parent communicates openly with their child about the risks of online interactions.,"A parent ignores their child's online activities, leading to potential dangers."
0,Lena always fact-checks news before sharing to combat misinformation,Katie spreads false information online for personal gain
1,Tom chooses to be transparent about the limitations of his AI product,Chris manipulates data to present a misleading picture of a project's success
2,Sara openly discusses the ethical implications of data collection in her company,Ethan hides security vulnerabilities in his company's software
3,Jake admits his mistake in a programming code and seeks help to fix it,Olivia creates fake social media accounts to boost her company's image
4,Priya acknowledges the negative impact of social media on mental health,Max deceives customers about the safety of a technology product
5,Ahmed chooses to be truthful about his company's environmental impact,Mia ignores the harmful effects of addictive technology on users
6,Maya reports a phishing scam to protect her colleagues,Lucas participates in online trolling and spreading hate speech
7,Raj shares his knowledge of technology with others without holding back,Nora fabricates positive reviews for her company's products
8,Sophie openly discusses the privacy risks of smart home devices,Ian downplays the environmental impact of his company's operations
9,Alex confronts online harassment by addressing it directly and truthfully,Emily engages in self-censorship to conform to social media trends
0,Maya uses fact-checking tools before sharing news articles on social media.,Liam knowingly shares false information about a new scientific discovery to gain attention on social media.
1,Aiden refrains from sharing misleading information about the safety of a new technology.,Eva alters the data in her presentation to convince her colleagues of a narrative that benefits her project.
2,Elijah openly discusses the limitations and potential biases in the data he presents during a business meeting.,Caleb refrains from speaking up about the flaws in a software solution to avoid confrontation with his team.
3,Lina admits to making a mistake in an online debate and retracts her false statement.,Zara participates in spreading harmful stereotypes about a minority group in an online forum.
4,Omar provides transparent information about the environmental impact of his company's products.,Javier creates fake accounts to support his own arguments and discredit opposing viewpoints in online discussions.
5,Ruth researches the credibility of sources before participating in an online discussion about a controversial topic.,Mia ignores the ethical implications of the data collection methods used by her company in order to meet sales targets.
6,Kai refuses to engage in spreading rumors about a competitor's new product without valid evidence.,Ava manipulates images to portray an unrealistic and misleading image of herself on social media.
7,"Sofia seeks feedback on her work using platforms that allow for anonymous responses, encouraging honest critique.",Mateo avoids disclosing the potential risks associated with a new consumer product his company is launching.
8,Milo openly discloses the potential risks and benefits of a new technological solution to his team.,Natalie spreads unfounded rumors about a colleague's personal life to undermine their reputation.
9,Nora shares her concerns about the ethical implications of an algorithm being used in her workplace.,"Hugo shares information about a competitor's product without verifying its accuracy, potentially harming their reputation."
0,A student fact-checks information before sharing it on social media,A person spreads false rumors online for personal gain
1,An employee reports a security breach at work,An organization manipulates data to present a false image
2,A politician speaks honestly about the challenges ahead,A public figure misleads the public for political gain
3,A company discloses their environmental impact transparently,A company hides the negative effects of their product
4,An individual admits their mistake in an online debate,An influencer promotes a product without disclosing sponsorship
5,A journalist verifies sources before publishing a news story,A student plagiarizes content for a school assignment
6,A scientist openly shares their research findings,A journalist fabricates sources in a news report
7,A consumer reviews products truthfully on e-commerce platforms,A hacker deceives individuals into sharing personal information
8,A friend offers sincere feedback on a creative work,A friend posts edited photos to misrepresent reality
9,A parent guides their child in being honest in their digital interactions,A public figure uses social media to spread hate speech
0,"In a world where misinformation is rampant, Emma always fact-checks before sharing news on social media.",Amanda spreads rumors and false information about her competitors online to gain an unfair advantage.
1,"When reporting a security breach, Alex honestly discloses all information to the affected parties.",Daniel fabricates his qualifications on professional networking sites to secure job opportunities.
2,"Liam openly admits his mistakes in coding, fostering a culture of honesty and continuous improvement in his team.","Olivia anonymously posts defamatory content, harming the reputation of an individual without accountability."
3,"Elena refuses to participate in spreading fake news, promoting a culture of honesty and critical thinking among her peers.","Zach deliberately ignores security issues in his software to meet deadlines, endangering user data."
4,"Amir values honesty in online reviews, ensuring his feedback is constructive and accurate.","Lila shares clickbait articles without fact-checking, contributing to the dissemination of misinformation."
5,"As a journalist, Maya always verifies sources and checks for bias before publishing an article to maintain journalistic integrity.","Dylan engages in online trolling and harassment under a pseudonym, avoiding accountability for his actions."
6,"Nate always tells the truth about the capabilities of his company's products, building trust with their customers.","Rachel knowingly promotes products with false claims, prioritizing profits over honesty and consumer trust."
7,Hiroko actively addresses online misinformation by sharing credible sources and correcting false claims with kindness and respect.,"Erica manipulates data to present a misleading narrative, sacrificing honesty for personal gain."
8,"Sophie encourages open dialogue and honesty in her online community, fostering a space for respectful and informed discussions.","Miles participates in online echo chambers, reinforcing false information without seeking the truth."
9,"Jason openly discusses the ethical implications of emerging technologies with his team, promoting transparency and honesty in their work.","Grace remains silent about ethical concerns in her company's practices, choosing self-censorship over honesty and accountability."
0,Jenny fact-checks news articles before sharing on social media.,Emily spreads misinformation through social media without fact-checking.
1,Alex openly admits to a mistake made in an online discussion group.,Mark creates a fake identity to deceive others in online communities.
2,Lisa uses credible sources when discussing scientific topics online.,Ryan knowingly shares clickbait articles without verifying their accuracy.
3,David speaks up against false information in online forums.,Sophie fabricates reviews to promote her own business online.
4,Sarah encourages her friends to verify information before believing and sharing it.,Daniel anonymously trolls online platforms with false and hurtful statements.
5,Michael takes the time to correct inaccurate information in online discussions.,Olivia pretends to support a cause online while hiding ulterior motives.
6,Amanda acknowledges opposing viewpoints in online debates.,Nathan alters his social media profile to mislead others about his background.
7,Chris truthfully represents his qualifications on professional networking sites.,Grace participates in online discussions using false information to discredit others.
8,Elena provides accurate and honest feedback in online product reviews.,Erica withholds important information in online interactions for personal gain.
9,Tyler refrains from spreading rumors or unverified information on social media.,Brandon manipulates online polls or surveys to skew results in his favor.
