,Positive,Negative
0,A software engineer acknowledges the complexity of a new programming language and seeks help from a colleague.,"A CEO overestimates the capabilities of a new machine learning system, leading to costly errors."
1,"A doctor consults with patients about treatment options, embracing uncertainty in the diagnosis process.","A researcher dismisses potential biases in a dataset, resulting in skewed conclusions."
2,A city planner hosts public forums to gather diverse perspectives on implementing autonomous vehicles.,An influencer promotes a product without understanding its underlying data privacy implications.
3,A teacher encourages students to question and critique the algorithms used in educational technology.,A politician insists on a technology-driven solution without considering its impact on marginalized communities.
4,An entrepreneur conducts thorough research before investing in a new AI-based business solution.,An investor blindly trusts algorithmic trading models and suffers significant financial losses.
5,An environmental scientist considers the potential unintended consequences of geoengineering projects.,A parent disregards the risks of social media and allows unrestricted online activity for their child.
6,A cybersecurity analyst admits the limitations of current defense systems and seeks new approaches.,A developer rushes to release a software update without fully testing for potential security vulnerabilities.
7,A parent sets boundaries on screen time and fosters open dialogue about digital safety with their children.,A scientist ignores feedback on potential ecological harm from a proposed nanotechnology application.
8,A government official consults with ethicists when implementing AI-powered policy decision tools.,An educator adopts a new educational technology without questioning its potential biases.
9,A journalist verifies information from multiple sources before reporting on a new technology trend.,A journalist publishes a sensationalized story on a technological breakthrough without fact-checking.
0,A software engineer acknowledges the complexity of a new programming language and seeks guidance from experienced developers.,"A software developer overestimates their mastery of a new programming language, leading to critical bugs in the software."
1,"A medical researcher acknowledges limitations of AI diagnostic tools, consulting with human experts for validation.","A medical practitioner blindly trusts AI diagnostic tools without seeking validation from human experts, leading to misdiagnosis."
2,"A parent acknowledges the limits of parental control apps, engaging in open communication with their child about online safety.","A parent relies solely on parental control apps, neglecting open communication with their child about online safety."
3,"An entrepreneur acknowledges the uncertainties of big data analytics, seeks expert advice before making business decisions.","An entrepreneur disregards uncertainties of big data analytics, making uninformed business decisions that lead to losses."
4,"An individual refrains from over-reliance on a GPS navigation system, consulting paper maps as a backup.","An individual completely relies on a GPS navigation system, dismissing the need for paper maps and getting lost when the system fails."
5,"A teacher acknowledges the limits of educational technology, balancing it with traditional teaching methods.","A teacher overly depends on educational technology, neglecting the effectiveness of traditional teaching methods."
6,"An engineer acknowledges the uncertainties of autonomous vehicle technology, advocating for manual override options.","An engineer disregards uncertainties of autonomous vehicle technology, pushing for full automation without manual override options."
7,"A cybersecurity professional acknowledges their expertise limitations, seeking input from diverse colleagues to address vulnerabilities.","A cybersecurity professional overestimates their expertise, neglecting to seek input from diverse colleagues and leaving vulnerabilities unaddressed."
8,An individual exercises caution and humility in verifying online information before sharing it with others.,"An individual shares unverified online information without acknowledging its potential inaccuracies, contributing to misinformation."
9,"A government official acknowledges the limitations of predictive policing algorithms, weighing their impact on social justice.","A government official blindly trusts predictive policing algorithms without acknowledging their limitations, leading to biased law enforcement decisions."
0,"In a future society, a scientist admits to not fully understanding the AI algorithms and consults with peers.",A government official blindly trusts an automated decision-making system without understanding its limitations.
1,A programmer acknowledges the potential biases in their code and seeks input from diverse perspectives.,A software developer dismisses concerns about privacy implications of a new feature in their app.
2,A student in a virtual reality training program seeks help when struggling with complex simulations.,An engineer relies solely on computational modeling without considering real-world complexities.
3,An engineer acknowledges the uncertainty in predicting the behavior of a new material.,A physician relies solely on AI recommendations without considering individual patient nuances.
4,A medical professional consults with colleagues to review the accuracy of a diagnostic AI system.,"A financial analyst is overconfident in the accuracy of predictive algorithms, leading to flawed decisions."
5,A data analyst double-checks data input and seeks feedback on their interpretation of results.,A designer ignores potential biases in an AI system they are creating.
6,An architect recognizes the limitations of their knowledge in sustainable design and seeks guidance.,A media company utilizes AI for content creation without considering potential negative impacts.
7,A designer considers the potential ethical implications of a new technology and seeks guidance.,An individual relies solely on their smart device for decision-making without critical evaluation.
8,A business leader acknowledges their limited understanding of a new blockchain technology and seeks expert advice.,A manager imposes a new technology on employees without considering its limitations and impact.
9,"A consumer refrains from assuming that a smart home device is infallible, and seeks to understand its limitations.",A consumer blindly trusts a health monitoring wearable without understanding its potential inaccuracies.
0,"In a complex society, John consults experts before making big tech decisions",Henry assumes he knows everything about a new technology without seeking advice
1,Maria remains open to learning about new technologies rather than assuming mastery,Sophia disregards potential risks and limitations of a new tech trend
2,Carlos acknowledges the limits of his knowledge when discussing tech issues,"Ryan dismisses feedback from others, believing he has complete mastery over technology"
3,Samantha seeks feedback from diverse sources before implementing a new technology,Amanda blindly trusts technology without considering its potential shortcomings
4,Chloe actively engages in discussions about the ethical implications of technology,Tyler insists on implementing a new technology without any reflection on its consequences
5,Daniel regularly reflects on the potential consequences of technology before utilizing it,"Natalie fails to recognize the limits of her knowledge, leading to reckless tech decisions"
6,Lily is open to the idea that technology may not solve every problem,Ethan overestimates the power of technology and neglects its potential pitfalls
7,Michael takes responsibility for any unintended consequences of the technology he employs,Isabella refuses to consider contradictory evidence regarding a new technology
8,Olivia remains humble by recognizing the potential for errors or unknowns in technology,"Mason ignores the ethical implications of a new tech solution, believing it's flawless"
9,Jasmine stays curious and open-minded about technological advancements,Grace demonstrates arrogance by assuming technology can fix every problem without limitations
0,Knowing when to seek expert advice on unfamiliar technology.,Assuming one's own knowledge and skills are sufficient to handle any technological challenge.
1,Acknowledging that one's perspective is limited by their own experiences and biases.,Discounting the expertise and perspectives of others in technological matters.
2,Being open to learning and adapting to new technological advancements.,Neglecting to research or understand the potential risks of a new technology.
3,Respecting the expertise of others in areas where one is not knowledgeable.,Relying too heavily on a single source of technological information or advice.
4,Taking responsibility for one's actions and decisions involving technology.,Dismissing feedback or warnings about the limitations of a particular technology.
5,Remaining cautious and critical of technology's potential limitations and risks.,Overestimating one's ability to predict and control the effects of a new technology.
6,Understanding that technology is not infallible and may have unforeseen consequences.,Blindly trusting in the infallibility of advanced technological systems.
7,Accepting feedback and criticism on one's use of technology.,Refusing to consider the ethical implications of technological choices and actions.
8,Avoiding overconfidence in one's ability to control or predict technological outcomes.,Acting recklessly with technology without considering potential consequences.
9,Recognizing the ethical implications of advanced technologies and acting with caution.,Failing to recognize the potential for bias or error in technological systems.
0,"Lucy, a software engineer, openly admits when she doesn't understand a new coding language, seeking help to improve","Hayley, a tech executive, disregards warnings about potential data breaches, leading to a massive security failure"
1,"Ryan, a data analyst, acknowledges the complexity of AI algorithms, refraining from overestimating his ability to control them","Tom, a software developer, dismisses concerns about bias in his code, refusing to consider its impact on diverse users"
2,"Mia, a social media influencer, takes time to educate herself on digital privacy issues before endorsing a new app","Amanda, a CEO, arrogantly assumes her team's ability to predict market trends using advanced analytics is infallible"
3,"David, a tech entrepreneur, consults with ethics experts to ensure his product doesn't infringe on user privacy","Ethan, a VR designer, rushes to release a new game without adequately testing for potential negative psychological effects"
4,"Sophie, a cybersecurity analyst, stays open to learning from junior colleagues, recognizing their insights and value","Lisa, an AI researcher, dismisses concerns about the opacity of an AI system, leading to harmful consequences"
5,"Joel, a virtual reality developer, approaches potential dangers of VR tech with caution and openness to critique","Jake, a social media influencer, promotes a new app without considering its potential negative impact on user privacy"
6,"Emma, a digital marketer, refrains from over-promising the capabilities of a new marketing automation tool","Isabel, a data analyst, overestimates her ability to interpret complex data, leading to misleading conclusions"
7,"Alex, a robotics engineer, remains vigilant about potential unintended consequences of new robotic designs","Max, a robotics engineer, ignores potential safety risks in a new robot design, resulting in accidents"
8,"Nora, a tech journalist, regularly fact-checks her articles and corrections when necessary","Sarah, a tech journalist, publishes sensationalized articles without verifying the accuracy of her claims"
9,"Oliver, a gaming developer, acknowledges the limitations of AI in complex decision-making, designing games around this reality","Tyler, a gaming developer, ignores warnings about potential addiction risks in a new game, leading to ethical concerns"
0,A software engineer acknowledges the complexity of a new programming language and seeks help,A programmer insists on implementing a new technology without understanding its potential risks
1,A doctor consults with experts before relying solely on a diagnostic algorithm,A medical professional relies solely on AI for diagnosis without seeking a second opinion
2,A parent teaches their child the importance of critical thinking in using online information,A parent lets their child believe everything they read online without encouraging critical thinking
3,A government official seeks advice from ethicists before implementing new surveillance technology,A government official implements surveillance technology without considering its potential misuse
4,An AI designer considers the ethical implications of their algorithms before deployment,An AI designer prioritizes efficiency over the potential biases and ethical implications of their algorithms
5,A student verifies the accuracy of a source before accepting it as truth,A student accepts information from an unreliable source without verification
6,An entrepreneur acknowledges the limitations of AI in solving complex social issues,An entrepreneur believes AI can solve complex social issues without understanding its limitations
7,A scientist remains open to revising their hypothesis based on new data,A scientist refuses to reconsider their hypothesis despite contradictory data
8,A consumer critically evaluates the potential biases in personalized advertising,A consumer blindly trusts personalized advertising without considering potential manipulation
9,An IT specialist admits when they need additional training or support,An IT specialist pretends to understand a new technology without seeking additional training or support
0,"In a future world, a programmer openly admits when they don't understand a new technology and asks for help.","A programmer dismisses the input of their colleagues, thinking they know best about a new technology."
1,"A researcher acknowledges that their AI model has limitations and potential biases, and seeks input from diverse perspectives.",A researcher ignores potential biases in their AI model and assumes it is objective.
2,An engineer listens to user feedback without assuming they know what's best for the user's experience.,"An engineer refuses to consider user feedback, assuming they know best about the product's design."
3,"A company leader encourages employees to speak up about ethical concerns related to a new technology, rather than assuming they have considered all possibilities.",A company leader assumes they have considered all ethical implications of a technology and doesn't seek input from their team.
4,A student in a technology class remains open to learning from classmates and doesn't dismiss their ideas out of overconfidence.,"A student in a technology class dismisses the ideas of their peers, thinking they know everything."
5,"A designer seeks input from individuals with disabilities to ensure their product is accessible, rather than assuming they know all accessibility needs.",A designer assumes they understand all accessibility needs and doesn't seek input from individuals with disabilities.
6,A scientist acknowledges that their experiment could have unanticipated consequences and takes precautionary measures.,"A scientist ignores potential consequences of an experiment, assuming it will go as planned."
7,"A tech CEO recognizes that their company's success is not solely due to their own skills, but also to the efforts of their team and external contributors.",A tech CEO takes full credit for their company's success without acknowledging the contributions of their team and external partners.
8,An AI developer remains open to feedback and doesn't assume their algorithm is devoid of biases.,"An AI developer ignores feedback about potential biases in their algorithm, assuming it is flawless."
9,An individual refrains from blindly following the advice of a tech expert and seeks out multiple opinions to make informed decisions.,An individual blindly follows the advice of a tech expert without questioning or seeking other opinions.
0,A software developer asks for help when encountering a complex coding problem.,An executive dismisses concerns about the environmental impact of a new technology out of hand.
1,A medical professional seeks a second opinion before relying solely on AI diagnostic tools.,A teacher falsely claims expertise in a subject they know little about to impress students.
2,An engineer acknowledges the limitations of a new technology before promoting its widespread use.,A programmer releases a flawed software product and refuses to consider user feedback for improvement.
3,A student admits to not fully understanding a concept and seeks guidance from a teacher.,A government agency pushes for widespread use of advanced surveillance technology without addressing privacy concerns.
4,A manager listens to feedback about potential flaws in a new automated system before implementing it.,An individual blindly trusts a self-driving car's capabilities without considering potential malfunctions.
5,An entrepreneur consults with experts before claiming to have a groundbreaking technological solution.,A scientist manipulates research data obtained from complex instruments to fit their hypothesis.
6,A government official acknowledges the ethical concerns raised by citizens regarding a new surveillance technology.,A business leader ignores warnings about the security vulnerabilities of a new digital payment system.
7,A parent stays informed about the potential risks of online activities before allowing their child unrestricted internet access.,A parent allows their child unrestricted access to technology without understanding potential risks.
8,A scientist remains open to the possibility of error in data generated by advanced research instruments.,A healthcare provider relies solely on AI diagnostic tools without consulting with human experts for confirmation.
9,A consumer questions the accuracy of personalized recommendations made by AI algorithms before making a purchasing decision.,An entrepreneur oversells the capabilities of a new technology without acknowledging its limitations.
0,"In a society reliant on AI, a software engineer humbly acknowledges the limitations of their expertise, seeking input from diverse colleagues.","An overconfident programmer dismisses potential algorithmic biases, leading to discriminatory outcomes for marginalized groups."
1,"An individual refrains from overestimating their ability to understand complex algorithms, instead consulting experts and remaining open to feedback.","A manager relies solely on predictive analytics, failing to recognize their limitations and making ill-informed decisions."
2,"A programmer remains humble, recognizing the potential biases in their code and actively seeks out ways to mitigate them.","A developer assumes complete mastery over a complex technology, failing to seek input from diverse experts and stakeholders."
3,A manager demonstrates humility by acknowledging the limitations of predictive analytics and consulting with domain experts before making critical decisions.,"An engineer underestimates the potential risks of a new technology, disregarding the expertise of colleagues with different perspectives."
4,"An individual avoids assuming complete mastery over a new technology, recognizing the need for ongoing learning and adaptation.","A designer neglects to consider the diverse impact of an automated system, assuming that their perspective is comprehensive."
5,"A designer approaches the creation of an automated system with humility, considering how it may impact diverse users and seeking their input.","A tech entrepreneur dismisses the concerns of affected communities, believing their own expertise to be superior."
6,"A tech entrepreneur practices humility by engaging with communities affected by their innovations, recognizing their limited perspective.","A data scientist overlooks potential unintended consequences in their algorithms, leading to harmful outcomes for users."
7,An engineer acknowledges the opacity of a complex system and works collaboratively with diverse experts to uncover potential risks and limitations.,"An AI developer ignores the input of ethicists and stakeholders, failing to address the ethical implications of their technology."
8,A data scientist embraces humility by recognizing the potential for unintended consequences in their algorithms and actively seeks to address them.,"A software engineer overestimates their ability to understand complex algorithms, leading to critical errors in the system's functionality."
9,An AI developer exercises humility by engaging with ethicists and stakeholders to grapple with the ethical implications of their technology.,"A manager remains oblivious to the limitations of predictive analytics, leading to poor decision-making and detrimental outcomes."
0,Alex acknowledges when they don't understand a new technology,Alex boasts about their knowledge of technology without seeking new information
1,Jade seeks expert advice before making technological decisions,Jade disregards advice from experts and forges ahead with a faulty plan
2,Carlos admits when he needs assistance with complex software,Carlos insists on handling technological issues alone despite lacking expertise
3,Elena engages in continuous learning to understand new advancements,Elena assumes she knows enough about technology to avoid further learning
4,Liam doesn't assume his expertise in one area transfers to all technologies,Liam dismisses others' expertise in unfamiliar technologies
5,Maya shows respect for others' knowledge by asking questions,Maya arrogantly assumes she knows more than her peers about a new tool
6,Nora doesn't dismiss the possibility of a technology's failure,Nora ignores the potential risks and limitations of a new technology
7,Omar considers the potential limitations of a new tool,Omar underestimates the potential for technology to fail
8,Sophie doesn't underestimate the complexity of a new system,Sophie belittles the complexity of a new system due to overconfidence
9,Tomas remains open to feedback about his technological competencies,Tomas is unreceptive to feedback about his technological competencies
0,Susan acknowledges that she needs to continually update her cybersecurity knowledge to keep her information safe.,"Michael arrogantly dismisses the concerns of others about the ethical implications of a new technological innovation, assuming his mastery over its functions."
1,John seeks help from a professional when troubleshooting a complex technological issue rather than assuming he knows the solution.,Sophia blindly trusts in the infallibility of automated decision-making systems without considering the potential errors or biases.
2,Maria recognizes that technological advancements are not infallible and takes caution when using new devices or applications.,"Chris assumes he knows everything about a cutting-edge technology and neglects seeking input from experts, leading to critical oversights in its implementation."
3,"David approaches new technology with a willingness to learn and adapt, rather than assuming mastery from the start.","Elena is overconfident in her ability to navigate a new social media platform, disregarding potential privacy risks and sharing sensitive information."
4,Liam acknowledges that there are limitations to his expertise in artificial intelligence and consults with others before making important decisions.,Alexa assumes she fully understands the complexities of quantum computing without recognizing the limitations of her current knowledge.
5,"Sarah remains open to feedback and constructive criticism when developing new software, understanding that her knowledge has limitations.","Nathan overestimates his expertise in cybersecurity and fails to take necessary precautions, resulting in a significant data breach."
6,Kevin shows humility by considering the potential consequences of technological developments on society before fully embracing them.,"Victoria dismisses the possibility of unintended consequences from a new automation technology, assuming that it will only bring positive outcomes."
7,"Emma regularly reflects on the ethical implications of her work in data science, acknowledging the complexity and limitations of predictive algorithms.","Greg embraces a new medical technology without considering its potential risks or limitations, assuming it will always work as intended."
8,"Daniel approaches emerging technology with a sense of caution and a willingness to learn from potential failures, rather than assuming immediate success.","Isabel insists on deploying a new AI system without first examining its potential biases, demonstrating overconfidence in technological mastery."
9,"Olivia recognizes the complexities of digital privacy and takes steps to secure her personal data, understanding the limitations of online security measures.","Tyler disregards warnings about potential security vulnerabilities in a new IoT device, assuming that his knowledge of technology is superior to any potential threats."
