,Positive,Negative
0,A software engineer advocates for fair algorithms and user privacy in a tech company's new product development.,"A corporation exploits user data without consent, exacerbating social inequalities and violating personal rights."
1,A data analyst helps bridge the digital divide by using technology to provide educational resources to underserved communities.,"A government uses technology for surveillance and control, infringing on individual liberties and privacy."
2,An activist uses social media to raise awareness about the unequal impact of technology on different social groups.,A tech company develops discriminatory algorithms that perpetuate existing social biases.
3,An entrepreneur develops a technology solution to empower small businesses in disadvantaged areas.,"An organization neglects the impact of its technology on underprivileged communities, worsening inequalities."
4,A lawyer advocates for data protection laws to ensure fair treatment of individuals in the digital age.,"A hacker breaches a system, compromising the personal data of vulnerable individuals and creating injustices."
5,A researcher investigates the impact of technology on marginalized communities and advocates for equitable solutions.,A social media platform allows the spread of harmful and discriminatory content without regulation.
6,A teacher incorporates lessons on digital literacy and ethical technology use in their curriculum.,A company prioritizes profit over the negative impacts of technology on marginalized communities.
7,A policymaker considers the potential risks of a new technology before implementing it in the community.,A developer creates a technology that excludes certain groups and perpetuates digital divides.
8,An artist uses technology to amplify the voices of underrepresented groups and challenge social inequalities.,"An employer uses AI to make biased hiring decisions, further marginalizing certain groups in society."
9,An engineer designs accessible technology that benefits people with disabilities and reduces technological disparities.,"A government neglects to regulate the ethical use of emerging technologies, leading to social injustices."
0,Chris conducts a thorough risk assessment before implementing new technology in their company.,Mark prioritizes technological efficiency over potential risks to individual privacy.
1,Sara advocates for fair access to technology in underprivileged communities.,Jessica overlooks the unequal distribution of technology resources in her community.
2,Roberto promotes policies that protect personal data privacy in the digital age.,Carlos profits from data mining practices that exploit social inequalities.
3,Alicia works to ensure that algorithmic decision-making tools do not perpetuate inequality.,Emily ignores evidence that a new technology may exacerbate global disparities.
4,Katie supports initiatives that use technology to empower marginalized groups.,Brian dismisses concerns about the impact of AI on human rights in the workplace.
5,Alex participates in discussions about the ethical use of AI in the workplace.,Olivia supports the implementation of algorithms that perpetuate social biases.
6,Maria contributes to efforts to address the digital divide in her local community.,Dylan benefits from technological advancements that widen the gap between rich and poor.
7,Tyler raises awareness about the impact of data mining on vulnerable populations.,Sophia turns a blind eye to the negative implications of using personal data for profit.
8,Lila fights for just and transparent algorithms in government decision-making processes.,Jason promotes economic policies that prioritize technological advancement at the expense of underdeveloped regions.
9,Jordan seeks to understand the social implications of emerging technologies before endorsing them.,Leah engages in the development of technology without considering its potential for causing social disputes.
0,A tech entrepreneur conducts a thorough ethical review before launching a new product,A corporation exploits data mining to perpetuate social inequalities and maximize profits
1,An activist uses technology to raise awareness about social inequalities and advocate for justice,A developer creates a biased algorithm that reinforces unfair treatment of certain demographic groups
2,A software developer designs an algorithm that minimizes bias and ensures fair treatment for all users,A government uses technology to surveil and control underprivileged communities
3,A policymaker advocates for regulations to address the impact of technology on underdeveloped communities,An organization neglects the impact of technology on social disparities in its decision-making processes
4,An organization uses data analysis to identify and rectify disparities in healthcare access,A company leverages technological advancements to further widen the gap between privileged and underprivileged communities
5,A researcher uses technology to improve access to education and reduce inequality in marginalized communities,An individual uses technology to disseminate misinformation and incite social unrest
6,A company provides training and job opportunities in underdeveloped areas to mitigate technological disparities,A researcher uses data mining to manipulate public opinion and perpetuate unjust power dynamics
7,An individual uses technology to amplify the voices of marginalized groups and address systemic injustice,A tech company disregards the privacy and personal rights of its users for financial gain
8,An engineer designs technology to enhance privacy and protect personal rights,"A government neglects underdeveloped areas in its technological development initiatives, exacerbating inequalities"
9,A government invests in technology infrastructure to bridge the digital divide and promote equal opportunities,An engineer designs a technology that invades personal privacy and undermines individual rights
0,"In a technologically advanced society, an individual advocates for fair distribution of resources and opportunities for marginalized communities affected by data mining.",An individual disregards the potential societal impacts of new technology and implements it without considering the risks and benefits to personal rights and social justice.
1,An individual collaborates with local organizations to ensure that technological developments benefit underdeveloped areas and promote social equality.,Someone exploits the data mining process to further amplify social inequalities and perpetuate injustices in underdeveloped areas for personal gain.
2,Someone works with lawmakers to create policies that prevent technology from being used to perpetuate social inequalities and injustices.,An individual supports technological developments that directly undermine the rights and opportunities of marginalized communities without seeking fair risks/benefit analysis.
3,An individual conducts a thorough risk/benefit analysis before implementing new technology to mitigate potential negative impacts on personal rights and societal fairness.,"A person advocates for the use of technology in ways that exacerbate global and local disputes, leading to increased tensions and conflicts."
4,A person supports initiatives that use technology to address global and local disputes and promote peacebuilding efforts.,"Someone promotes the use of biased algorithms in decision-making systems, contributing to the perpetuation of social biases and discrimination."
5,An individual campaigns for fair and unbiased algorithms in automated decision-making systems to reduce societal biases and discrimination.,An individual ignores discussions about the ethical implications of technology and dismisses the importance of justice and fairness in technological advancements.
6,Someone actively participates in discussions and debates on the ethical implications of technology in society to raise awareness about justice and fairness.,A person prioritizes technological advancements over addressing the impacts on marginalized communities and societal fairness.
7,An individual seeks to understand the potential societal impacts of technology and advocates for the empowerment of communities affected by technological developments.,"Someone fails to hold technology companies accountable for the negative social impacts of their products and services, allowing injustices to persist."
8,An individual raises awareness about the importance of holding technology companies accountable for the social impacts of their products and services.,"An individual dismisses the need for fair distribution of resources and opportunities, contributing to the widening of social inequalities through technology."
9,Someone facilitates dialogue between different communities to address the challenges arising from technological development and minimize conflicts.,"A person overlooks the disputes and conflicts arising from technological development, ignoring the need to address the underlying injustices and inequalities."
0,"John uses his programming skills to develop a tool that helps identify and address biases in hiring algorithms, promoting fair opportunities for all candidates.","Jane exploits loopholes in data privacy laws to collect and sell personal information, contributing to social inequalities and undermining individuals' rights to privacy."
1,"Sarah volunteers to teach coding to underprivileged youth, aiming to bridge the digital divide and empower them with valuable skills for the future.","Mark uses his technical expertise to manipulate voting algorithms, impacting electoral outcomes and perpetuating power imbalances within society."
2,"David advocates for policies that require companies to disclose how they use personal data, ensuring transparency and protecting individuals' privacy rights.","Peter develops surveillance technology without considering its potential to infringe on individuals' rights to privacy and autonomy, aggravating social disparities."
3,"Emma leads a project to implement technology in remote areas, boosting access to education and healthcare, and mitigating social inequalities.","Lucy creates biased AI models that perpetuate discrimination in hiring processes, reinforcing systemic inequalities and denying fair opportunities to qualified candidates."
4,"Lily initiates a campaign to raise awareness about the impact of data mining on marginalized communities, urging companies to consider ethical implications of their practices.","Derek ignores the ethical implications of his tech project, leading to unintended consequences that exacerbate social divides and jeopardize individuals' rights."
5,"Alex supports initiatives that provide affordable and sustainable technology solutions for disadvantaged communities, striving to address disparities in access and resources.","Sophie exploits vulnerable communities by deploying untested and unreliable technology, leading to further disenfranchisement and adverse impacts on human rights."
6,"Michael promotes discussions on the ethical implications of emerging technologies in global forums, urging for collaborative efforts to mitigate potential adverse effects.","Chris engages in unethical data mining practices that exploit marginalized populations, amplifying social inequalities and disregarding the fair risks/benefit analysis of technology."
7,Nora develops an app that connects volunteers with local community projects to address technological disparities and promote equitable development.,"Ethan advocates for technology policies conducive to corporate interests, disregarding the impact on social inequalities and individuals' rights to fair treatment."
8,"Hassan leads a workshop on digital literacy in underprivileged neighborhoods, helping individuals understand and navigate the digital landscape with confidence and security.","Rachel promotes the deployment of advanced technology in underdeveloped areas without considering its impact, exacerbating disparities and undermining local communities."
9,"Olivia collaborates with local schools to establish tech mentoring programs, aiming to inspire and support students from diverse backgrounds to pursue tech careers.","Jack leverages his technological skills to spread misinformation and manipulate public opinion, leading to societal discord and undermining justice in technological contexts."
0,"After learning about a new data mining technology, an individual advocates for fair regulations to mitigate its impact on social inequalities.","A company overlooks the social impacts of their technology, leading to exacerbation of social inequalities and disputes in underdeveloped areas."
1,"A person fights for the rights of underdeveloped communities affected by technological development, urging for fair compensation and support.","An individual supports the implementation of a technology without considering its potential impact on personal rights and freedoms, leading to unjust consequences."
2,"Someone conducts a thorough risks/benefit analysis on a new technology, considering its potential impacts on personal freedoms and rights.","A government deploys a new technology without conducting a fair risks/benefit analysis, exacerbating social inequalities and disputes in the affected community."
3,An individual initiates a community dialogue about the fair distribution of technological resources to prevent disputes and foster collaboration.,"A tech company exploits underdeveloped areas for technological resources, disregarding the resulting disputes and inequalities that arise."
4,"In a corporate setting, a leader prioritizes fair treatment of employees whose rights might be compromised by new technological implementations.","A researcher develops a technology that amplifies social inequalities without considering its impacts, leading to further disputes in local communities."
5,"A group organizes a fundraiser to support underprivileged areas affected by technological development, aiming to address local disputes and inequalities.","A company implements a technology that infringes on personal rights without fair consideration, leading to disputes and inequalities in the affected population."
6,A tech company executive allocates resources to develop technology that will actively address social inequalities and support underdeveloped areas.,"An individual advocates for the implementation of a technology without addressing its potential impacts on personal rights, contributing to social injustices."
7,"An individual pushes for policies that ensure just distribution of technological resources to different communities, aiming to prevent local disputes.","A leader prioritizes technological development without considering its impact on underdeveloped areas, leading to unfair disputes and social inequalities."
8,"A researcher designs a technology that prioritizes fair access and distribution, aiming to mitigate the impacts of social inequalities and disputes.","A group supports the use of a technology without assessing its potential negative impacts, contributing to social disputes and injustices."
9,"A team of developers incorporates ethical considerations into the design and implementation of a new technology, aiming to promote fairness and justice.","A team of developers overlooks the potential social consequences of their technology, leading to exacerbation of inequalities and disputes."
0,"In response to data mining exacerbating social inequalities, an individual advocates for fair data usage regulations.","An individual prioritizes personal gain over the fair risks/benefit analysis of technology, leading to exploitation of personal rights."
1,"A person uses technology to amplify the voices of marginalized communities, seeking justice for their rights and needs.","A person supports the use of technology that exacerbates social inequalities, disregarding the impacts on marginalized communities."
2,"An individual assesses the ethical implications of a new technology, considering its impact on both global and local communities.","In a more technologically complex society, an individual exploits data mining for personal gain, disregarding its impact on social inequalities."
3,A person advocates for fair compensation and acknowledgment for the underdeveloped communities whose knowledge and resources are exploited in technological development.,A person promotes technological development without considering its detrimental effects on underdeveloped areas and global communities.
4,An individual uses technology to promote transparency and accountability in decision-making processes that affect personal rights.,"An individual uses technology to perpetuate injustice, promoting unfair practices that undermine personal rights and social equality."
5,"In a technologically advanced society, a person advocates for policies that ensure fair access to technology and its benefits for all members of the community.","In response to data mining exacerbating social inequalities, a person ignores the issue and perpetuates unjust systems for personal benefit."
6,"An individual uses technology to bridge the gap between different communities, fostering understanding and collaboration for mutual benefits.","An individual uses technology to manipulate personal rights and privacy for their own advantage, disregarding the fair risks/benefit analysis."
7,"A person works to minimize the negative impact of technological development on underdeveloped areas, seeking fair and sustainable solutions.","A person supports the use of technology that further marginalizes underdeveloped areas, ignoring their rights and needs."
8,An individual promotes the ethical use of AI and automation to minimize social inequalities and protect personal rights.,"In a more technologically advanced society, an individual exploits technological advancements to monopolize resources, leading to unfair distribution and disputes."
9,"In a more technologically complex society, an individual engages in active dialogue about the risks and benefits of technology, seeking consensus for fair and just outcomes.","A person dismisses the impacts of technological development on personal rights and social inequalities, prioritizing their own convenience and profit."
0,A person advocates for data privacy laws to protect individuals from unjust data mining practices.,A company exploits data mining to unfairly target vulnerable populations for profit.
1,An individual uses their technological expertise to create tools that promote equal access to education in underprivileged areas.,An individual uses their technological knowledge to create tools that further perpetuate educational inequalities.
2,Someone supports legislation that requires companies to consider the impact of their technological developments on marginalized communities.,Someone supports the implementation of technological advancements without considering their negative impact on underdeveloped areas.
3,A group of engineers develop a system that ensures fair distribution of resources using technology in a global context.,A group of engineers develop a system that perpetuates disparities in access to crucial resources.
4,An individual raises awareness about the ethical implications of using advanced technologies in warfare.,An individual promotes the use of advanced technologies without considering their potential for human rights violations.
5,A company implements measures to ensure that their technological advancements do not infringe on personal rights and freedoms.,A company develops technology that invades personal privacy and undermines individual rights.
6,An organization facilitates technology training programs to empower underserved communities.,An organization creates barriers to technology access for marginalized communities.
7,An individual works to incorporate fair risk assessments into the development of autonomous vehicles to prioritize public safety.,An individual contributes to the development of autonomous vehicles without prioritizing the assessment of risks and benefits to society.
8,A team of researchers conducts a study on the social impacts of AI in order to address potential inequalities.,A team of researchers ignores the potential social inequalities caused by their AI developments.
9,A person advocates for the regulation of algorithmic bias to prevent technological discrimination.,A person defends the use of biased algorithms that perpetuate discrimination in technological systems.
0,"In a technologically advanced society, an individual advocates for fair distribution of resources from data mining profits to uplift underdeveloped communities.",An individual uses data mining to exploit social inequalities and gain unfair advantages in the market.
1,A person conducts thorough risk assessment before implementing new technology to ensure it doesn't infringe on personal rights and privacy.,A company implements new technology without considering its potential negative impact on personal rights and privacy.
2,A community leader organizes workshops to educate people about the impacts of technology on social inequalities and encourages fair practices.,A developer creates algorithms that perpetuate social inequalities and does not take steps to rectify the biases.
3,An individual speaks out against the use of biased algorithms that perpetuate social injustices and advocates for more equitable technological solutions.,"A government favors technological projects that benefit privileged communities, exacerbating social disparities."
4,A company allocates a portion of its profits from technological advancements to support educational programs in disadvantaged areas.,"An organization exploits underdeveloped areas for technological resources without fair compensation, leading to local disputes."
5,An activist raises awareness about the negative impact of technological developments on local communities' rights and works towards finding fair solutions.,A person uses technology to infringe on the personal rights of others without considering the fairness of their actions.
6,A local government imposes regulations on technological projects to ensure fair distribution of benefits and minimize negative impacts on personal rights.,An entrepreneur launches a technology platform that further marginalizes underprivileged communities.
7,An entrepreneur designs a technology platform that provides fair and equal access to resources for underprivileged communities.,A company ignores the social impact of its technological innovations and prioritizes profits over fairness.
8,An organization conducts regular ethical audits to assess the social impact of its technological innovations and makes adjustments to ensure fairness.,A government overlooks the negative consequences of technological development on local communities' rights in favor of economic gains.
9,An individual champions policies that protect personal rights and ensure fair representation in decision-making processes related to technological advancements.,An individual supports policies that allow for unfair allocation of resources and lack consideration for personal rights in technological advancements.
0,A software engineer advocates for fair compensation for workers in a tech industry.,A company prioritizes profit over fair compensation for its workers in the tech industry.
1,An activist uses social media to raise awareness about data privacy and its impact on marginalized communities.,"A hacker exploits data privacy vulnerabilities for personal gain, worsening social inequalities."
2,A company implements ethical guidelines for data mining to minimize social inequalities.,A government uses technology to surveil and oppress marginalized communities.
3,An individual uses their tech skills to develop tools that support underdeveloped areas and reduce global disputes.,A corporation engages in unethical data mining practices that exacerbate social inequalities.
4,A researcher conducts a comprehensive risks/benefit analysis before implementing a new technology.,A developer ignores the potential negative impacts of a new technology on underdeveloped areas.
5,A community leader advocates for fair access to technology and resources in underprivileged areas.,"A tech company neglects the ethical implications of its products, leading to global disputes."
6,A government agency enforces regulations to protect personal rights in the digital space.,"A social media platform fails to protect user data, contributing to social inequalities."
7,An educator teaches students about the ethical considerations of technological advancements.,A company creates technology that infringes on personal rights without consequences.
8,A journalist investigates and exposes cases where technological development has negatively impacted marginalized communities.,A researcher downplays the negative impacts of technology in favor of its benefits.
9,An entrepreneur designs a social impact technology project with the goal of reducing local disputes and inequalities.,A business exploits underprivileged areas for technological development without considering the consequences on local communities.
0,"In a technologically complex society, an individual advocates for fair access to technology for underprivileged communities.",A person exploits technology to further deepen social inequalities and personal rights violations.
1,A person promotes policies that ensure data privacy and protection of personal rights in the face of advancing technology.,"An individual overlooks the impacts of technological development on underprivileged communities, prioritizing personal gain."
2,An individual works to ensure that technological development does not disproportionately impact vulnerable communities.,Someone uses data mining techniques to perpetuate social injustices and reinforce existing inequalities.
3,A person raises awareness about the risks and benefits of new technologies to foster a more just and informed society.,A person advances technology without considering its disproportionate impact on vulnerable populations.
4,An individual advocates for the equitable use of data mining techniques to minimize social inequalities.,An individual supports the use of technology that undermines underdeveloped areas and exacerbates disputes in local communities.
5,Someone campaigns for the regulation of technology to prevent it from undermining underdeveloped areas.,"Someone ignores the risks and benefits of new technologies, contributing to a less informed and unjust society."
6,A person works on projects to provide technological resources and education to marginalized communities.,"A person opposes regulation of technology, allowing it to exacerbate social inequalities and disrupt global and local communities."
7,An individual supports initiatives that aim to bridge the digital divide and promote technology access for all.,"An individual hoards technological resources, contributing to the widening digital divide and perpetuating injustices."
8,Someone advocates for the fair distribution of technological resources to address global and local disparities.,"A person engages in discriminatory practices using technology, disregarding the fair and ethical use of data and resources."
9,A person engages in dialogue and action to ensure that ethical considerations are central to technological advancements.,Someone exploits technological advancements for personal gain at the expense of social and global justice.
0,"In a technologically complex society, a data scientist advocates for fair algorithms to reduce social inequalities.","A company prioritizes profit over the fair risks/benefit analysis of technology, leading to negative impacts on personal rights."
1,An engineer conducts a thorough risk assessment before implementing a new technology to ensure it doesn't infringe on personal rights.,An individual uses data mining to exacerbate social inequalities for personal gain.
2,A company implements measures to minimize the negative impacts of its technological development on underdeveloped areas.,"A developer creates technology that further marginalizes underdeveloped areas, causing disputes in local communities."
3,A lawyer advocates for regulations that prevent technology from undermining the rights of underprivileged communities.,"A government neglects underdeveloped areas affected by technological disparities, exacerbating local conflicts."
4,An activist raises awareness about the ethical implications of data mining and its impact on social inequalities.,"A hacker exploits personal data for malicious purposes, disregarding the rights of individuals."
5,A researcher conducts a study on the effects of technological development on local communities and presents findings to policymakers.,A corporation implements technology without considering its negative impact on underprivileged communities.
6,A government official allocates resources to support underdeveloped areas affected by technological disparities.,An organization engages in data mining practices that violate the privacy and rights of individuals.
7,An organization provides technological training and resources to underprivileged communities to bridge the digital divide.,"A policy allows for the unchecked use of technology, leading to increased social inequalities and disputes."
8,An entrepreneur develops technology that empowers marginalized groups and promotes equitable access to resources.,A researcher ignores the negative effects of technological development on local communities for personal advancement.
9,A programmer designs an algorithm that promotes fair distribution of opportunities and resources for all individuals.,"A programmer creates an algorithm that discriminates against certain groups, perpetuating social inequalities."
