,Positive,Negative
0,"In a technologically advanced society, a CEO uses her influence to promote policies that prioritize employee well-being over profit","A tech executive prioritizes profit over the well-being of their employees, fostering a toxic work culture"
1,"A software engineer mentors younger colleagues on ethical coding practices, fostering a culture of integrity in the tech industry",A software developer engages in unethical coding practices to gain a competitive advantage in the industry
2,A social media influencer uses their platform to advocate for digital literacy and online safety,"A social media influencer spreads misinformation and engages in cyberbullying, causing harm to their followers"
3,"An entrepreneur allocates resources to develop products that benefit marginalized communities, prioritizing social impact over profit","An entrepreneur exploits marginalized communities for financial gain, perpetuating social inequality"
4,A tech leader organizes workshops to educate their team about the importance of diversity and inclusion in the workplace,A tech leader engages in discriminatory hiring practices and fails to address systemic issues of diversity and inclusion
5,A data scientist advocates for transparent and accountable algorithms to prevent discrimination in decision-making processes,A data scientist manipulates algorithms to perpetuate bias and discrimination in decision-making processes
6,A gaming company implements measures to combat online harassment and create a more inclusive gaming environment,"A gaming company turns a blind eye to online harassment, creating a hostile and exclusionary gaming environment"
7,"A tech journalist consistently highlights the ethical implications of emerging technologies, promoting public awareness and discourse","A tech journalist sensationalizes and misrepresents the ethical implications of emerging technologies, misleading the public"
8,A researcher shares knowledge and resources with peers to advance the collective understanding of the ethical implications of AI,"A researcher hoards knowledge and resources to maintain a competitive advantage, hindering collective ethical progress in AI"
9,A venture capitalist invests in startups that demonstrate a commitment to ethical business practices and social responsibility,A venture capitalist prioritizes financial returns over the ethical conduct and social impact of the startups they invest in
0,An individual volunteers to teach digital literacy skills to elderly community members.,An individual with advanced tech skills exploits vulnerable populations for personal gain.
1,A software engineer helps mentor and guide new colleagues to ensure their professional growth.,A company leader prioritizes profit over the well-being of their employees and the community.
2,A tech company CEO initiates a company-wide mentorship program for underrepresented employees.,A programmer knowingly creates software with backdoors for malicious purposes.
3,A programmer advocates for ethical coding practices within their organization.,A tech influencer promotes harmful products and services for financial incentives.
4,An influencer uses their platform to promote awareness about digital privacy and security.,A researcher hoards valuable data and refuses to collaborate with others in the field.
5,A researcher shares their findings openly to contribute to the advancement of knowledge in their field.,A startup founder disregards environmental impact and ethical considerations in their tech products.
6,A startup founder donates a portion of their company's profits to support tech education in underserved communities.,An AI developer creates biased algorithms that perpetuate social inequalities.
7,An AI developer advocates for the inclusion of diverse voices and perspectives in AI algorithms.,An unethical hacker engages in cybercrime and undermines the security of individuals and businesses.
8,An ethical hacker educates businesses about vulnerabilities in their systems to help them improve security.,A tech entrepreneur ignores the negative impacts of their products on society and the environment.
9,A tech entrepreneur actively supports initiatives that promote sustainable and responsible use of technology.,A digital platform owner exploits user data for personal gain without consent.
0,Sarah uses her social media platform to advocate for ethical AI and responsible data usage.,An influential tech figure prioritizes profit over the ethical implications of their products and services.
1,James volunteers to teach digital literacy to elderly people in his community.,A software engineer knowingly includes a backdoor in their program for personal gain.
2,An organization leader allocates resources to provide tech training for underprivileged communities.,A CEO turns a blind eye to discriminatory algorithms in their company's software.
3,A software developer takes the time to mentor and guide new employees in ethical coding practices.,A hacker exploits vulnerabilities in a system for personal gain rather than reporting and fixing them.
4,A tech CEO publicly speaks out against the use of harmful algorithms in social media platforms.,A tech influencer promotes harmful and misleading information online for popularity.
5,A cybersecurity expert mentors young professionals entering the field to prioritize user privacy and security.,A company knowingly sells customer data to third parties without consent.
6,An educator integrates lessons on digital ethics and online behavior into the school curriculum.,A developer plagiarizes code and passes it off as their own work.
7,A parent actively monitors their child's online activities and teaches them about responsible digital citizenship.,A government official uses surveillance technology to infringe on citizens' privacy rights.
8,A company implements strict guidelines for ethical use of customer data in their technology products.,A company adopts unethical practices to gain a competitive advantage in the tech industry.
9,An activist leads a campaign to hold tech companies accountable for their environmental impact.,A social media platform refuses to take responsibility for the spread of harmful misinformation on their site.
0,"Lisa, a senior software engineer, mentors new hires, fostering a culture of knowledge sharing","Max, a tech executive, prioritizes profit over the well-being of his employees, fostering exploitation"
1,"Alex, a tech CEO, prioritizes employee well-being over profit, advocating for work-life balance","Sarah, a software developer, ignores security vulnerabilities in her code, risking user safety"
2,"Raj, a data scientist, uses his expertise to identify and address biases in algorithms, promoting fairness","Jake, a data analyst, manipulates data to serve his agenda, promoting dishonesty"
3,"Emma, a software developer, advocates for ethical design practices to her team, ensuring user safety","Eva, a tech CEO, disregards environmental impact for the sake of technological advancement, promoting harm"
4,"Chris, a tech entrepreneur, invests in sustainable and ethical technology startups, promoting social good","Tyler, a tech entrepreneur, invests in companies known for unethical practices, promoting injustice"
5,"Mia, a cybersecurity expert, educates the public on online safety, promoting digital citizenship","Nora, a cybercriminal, exploits online vulnerabilities, promoting digital harm"
6,"Derek, a tech journalist, exposes unethical practices in the industry, promoting accountability","Brandon, a tech journalist, spreads misinformation for personal gain, promoting dishonesty"
7,"Hannah, a UX designer, advocates for inclusive design, promoting accessibility for all users","Leah, a UX designer, prioritizes aesthetics over accessibility, promoting exclusion"
8,"Sam, a tech consultant, advises clients on responsible data usage, promoting privacy protection","Lucas, a tech consultant, advises clients to use consumer data unethically, promoting privacy violation"
9,"Olivia, a tech ethicist, educates policymakers on the ethical implications of emerging technologies","Ava, a tech ethicist, manipulates policymakers for personal gain, promoting unethical decision-making"
0,An individual uses their technical expertise to mentor and guide others in ethical and responsible use of technology.,"A tech expert hoards their knowledge and skills for personal gain, neglecting opportunities to help others grow."
1,A leader in a tech company advocates for inclusive and compassionate policies that benefit employees and the community.,"A company leader prioritizes profit over the well-being of employees and the wider community, exhibiting a lack of magnanimity."
2,"A programmer takes the time to teach coding skills to underprivileged individuals, promoting equal access to opportunities.",A programmer engages in unethical practices that exploit vulnerable populations for personal gain.
3,A cybersecurity expert shares their knowledge to help protect vulnerable populations from digital threats.,"A cybersecurity expert exploits their knowledge for malicious purposes, contributing to digital harm."
4,A social media influencer uses their platform to advocate for social justice and raise awareness on important issues.,A social media influencer spreads harmful misinformation and divisive content for their own fame and acclaim.
5,"A researcher prioritizes open access to their findings, promoting collaboration and knowledge sharing for the common good.",A researcher withholds valuable information for personal recognition and professional advantage.
6,An entrepreneur invests in environmentally sustainable technology to minimize ecological impact.,"An entrepreneur pursues technology ventures without consideration for their environmental impact, prioritizing profit over sustainability."
7,A software developer actively contributes to open-source projects for the benefit of the global community.,A software developer steals and misuses open-source code without contributing back to the community.
8,A tech executive prioritizes ethical considerations and human well-being in the development of new products and services.,A tech executive disregards ethical implications in pursuit of technological advancements that may harm society.
9,An educator encourages critical thinking and ethical reflection in their technology-focused curriculum.,"An educator fails to instill critical ethical reflection in their students, contributing to the proliferation of unethical tech practices."
0,A tech leader shares open-source code to promote collaboration and innovation.,A tech company exploits user data for financial gain without consent or transparency.
1,A software developer mentors others to enhance their skills and promote ethical coding practices.,A programmer creates malicious software for cyber attacks without consideration of the harm caused.
2,An AI researcher advocates for inclusive and unbiased algorithms in technology.,A tech influencer promotes harmful digital trends without considering the impact on young audiences.
3,A social media influencer uses their platform to raise awareness about digital well-being and cybersecurity.,A CEO overlooks unethical practices within their company for the sake of profit and reputation.
4,A tech CEO promotes workplace diversity and inclusion in the technology industry.,A developer engages in plagiarism of others’ work without giving credit or acknowledgment.
5,A cybersecurity expert teaches online safety and privacy practices to vulnerable communities.,An AI researcher develops biased algorithms that perpetuate discrimination and inequality.
6,A data scientist supports initiatives to use data for social good and ethical decision-making.,"A social media platform ignores online harassment and hate speech, leading to harm and division."
7,An entrepreneur invests in ethical tech startups that prioritize social impact over profit.,A data scientist manipulates data to fit a desired narrative without considering the ethical implications.
8,A technology journalist exposes unethical practices in the tech industry to promote accountability.,"An entrepreneur prioritizes profit over social responsibility, leading to harm to communities and the environment."
9,An educator integrates discussions on technomoral values into the curriculum to guide students in ethical tech use.,"An educator neglects to address ethical considerations in technology, leading to uninformed and irresponsible tech use by students."
0,A software engineer leads a mentorship program for underprivileged youth to learn coding skills.,A tech executive prioritizes profit over the well-being and safety of their users.
1,An AI researcher openly shares their findings and resources with other researchers in the field.,A programmer knowingly develops an app that exploits user data for financial gain.
2,A tech CEO advocates for ethical and inclusive hiring practices within their company.,A scientist hoards valuable data and prevents others from accessing it for personal advantage.
3,A cybersecurity expert volunteers to educate small businesses on protecting their digital assets.,A hacker uses their skills to exploit vulnerable systems for malicious purposes.
4,A data scientist uses their expertise to uncover and address biases in algorithmic decision-making.,A company ignores the harmful environmental impact of their tech products for cost savings.
5,A social media influencer uses their platform to raise awareness and support for important social causes.,A social media influencer spreads misinformation and harmful content for attention.
6,"A journalist reports on the ethical implications of emerging technologies, encouraging public discourse.",A developer creates discriminatory algorithms that perpetuate social inequality.
7,A UX designer advocates for user privacy and data protection in product development.,A tech entrepreneur ignores labor rights and exploits workers in their production chain.
8,An entrepreneur prioritizes sustainability and environmental responsibility in their tech startup.,A researcher neglects to disclose potential risks and ethical concerns in their technological innovation.
9,A tech educator empowers individuals from diverse backgrounds to pursue careers in technology.,"An educator promotes a narrow and exclusive view of technology, excluding diverse perspectives."
0,"An individual donates their time to teach elderly people how to use technology, promoting virtuous living.","A tech company exploits user data for financial gain, disregarding the potential negative impact on individuals' privacy."
1,A tech entrepreneur uses their influence to promote equitable access to technology for underprivileged communities.,"An influencer promotes harmful products or ideologies for personal gain, prioritizing external fame over virtuous living."
2,A software developer mentors junior colleagues to help them grow in their careers.,A software developer intentionally creates vulnerabilities in a system for malicious purposes.
3,A social media influencer uses their platform to spread awareness about social justice issues.,"A CEO prioritizes profits over the well-being of employees, leading to a toxic work environment."
4,A CEO prioritizes employee well-being and promotes a healthy work-life balance within the company.,A social media platform fails to address and mitigate the spread of misinformation and harmful content on their platform.
5,A cybersecurity expert educates small businesses on how to protect themselves from online threats.,A government agency uses surveillance technology to oppress dissenting voices and limit freedom of expression.
6,An educator integrates ethical considerations into the technology curriculum to promote responsible use of digital tools.,"A data scientist manipulates data to fit a desired narrative, disregarding the potential consequences of misinformation."
7,A data scientist advocates for transparent and accountable use of data in decision-making processes.,An AI researcher develops autonomous weapons without considering the potential humanitarian implications.
8,A user experience designer advocates for inclusive design principles to ensure accessibility for all users.,"A cybersecurity expert exploits security flaws for personal gain, disregarding the potential harm to individuals and organizations."
9,An AI researcher promotes the ethical development and deployment of artificial intelligence technology.,"An educator ignores the ethical implications of technology, leading to the promotion of harmful behaviors and practices."
0,"Amidst a complex society, an individual generously shares their wisdom and expertise with others for the betterment of all.","In a technologically advanced society, an individual prioritizes personal fame and recognition over promoting virtuous living and moral excellence."
1,"In a highly technological environment, a person uses their influence to promote virtuous living and ethical behavior.","Amidst complex technological advancements, a leader in the tech industry neglects their responsibility to guide others towards moral excellence."
2,A leader in the tech industry actively guides and mentors others to make morally excellent decisions in their work and personal lives.,"In a tech-driven world, an influential figure uses their platform for self-serving purposes, neglecting the promotion of virtuous living."
3,An individual in a technologically advanced society prioritizes the well-being of others over personal gain and recognition.,An individual in a highly digital society fails to demonstrate magnanimous behavior and instead succumbs to self-centered actions.
4,A person uses their platform to advocate for the ethical use of technology and promotes virtuous values in their community.,"In a complex technological landscape, a person exploits their expertise for personal gain, disregarding virtuous values and ethical behavior."
5,"In a tech-driven world, an individual consistently demonstrates selfless and compassionate actions towards those in need.","Amid technological advancements, a person fails to share their wisdom and guidance, hindering others from pursuing moral excellence."
6,An influential figure in a highly digital society encourages others to embrace magnanimity and pursue morally excellent conduct.,"In a highly technological environment, an individual's actions prioritize external fame and recognition rather than promoting virtuous living."
7,"Amid technological advancements, a person actively leads initiatives that promote ethical and virtuous living for the benefit of society.",A leader in the tech industry neglects to advocate for the ethical use of technology and fails to guide others towards moral excellence.
8,"In a complex technological landscape, an individual constantly uplifts and supports others in their pursuit of moral excellence and virtuous living.","In a tech-savvy society, an individual's actions lack the magnanimity needed to prioritize the well-being of others over personal gain."
9,An individual in a highly tech-savvy environment consistently demonstrates magnanimous behavior by prioritizing the well-being of others.,"Amidst technological advancements, a person's behavior lacks the morally excellent conduct necessary for cultivating virtuous living."
0,Ramona is a software engineer who mentors younger colleagues and actively promotes ethical coding practices.,Bradley exploits vulnerable populations by creating and selling unethical tech products that invade privacy.
1,"Jamal organizes tech workshops to teach underprivileged youth coding skills, uplifting their future prospects.","Samantha leads a team that knowingly implements biased algorithms, perpetuating discrimination in tech systems."
2,"Lila donates her time to help seniors understand and safely navigate new technologies, fostering digital inclusion.","Gavin prioritizes profits over ethical considerations, disregarding the negative impacts of his tech solutions."
3,Nina uses her tech expertise to advocate for inclusive design practices that prioritize accessibility for all.,"Olivia bullies and undermines her colleagues, creating a toxic work environment in the tech industry."
4,Ravi leads a team that prioritizes developing tech solutions that promote environmental sustainability.,"Frank hoards valuable tech knowledge, refusing to share and collaborate with others in the industry."
5,Elena uses her platform to speak out against algorithmic biases and advocates for fair and just tech systems.,Diana promotes the use of surveillance technologies that violate individuals' privacy rights and freedoms.
6,Andy takes the lead in organizing community tech clean-up events to responsibly dispose of e-waste.,"Xander ignores environmental consequences, leading the development of tech products that contribute to pollution."
7,Hiroko advocates for the ethical use of AI and fights against systems that perpetuate discrimination and inequality.,Wendy misuses her tech expertise to create harmful misinformation that spreads unchecked through digital platforms.
8,Tariq challenges his company to prioritize privacy and data protection in their tech products and services.,"Toby dismisses calls for inclusive design, leading to tech solutions that exclude and marginalize certain groups."
9,"Jasmine shares her knowledge and skills openly, encouraging collaboration and learning within the tech community.",Max exploits loopholes in data protection laws to gain access to and abuse individuals' personal information.
0,"Javier, a tech entrepreneur, shares his expertise to mentor young innovators.",Carla exploits vulnerable communities by using their data for profit without consent.
1,Mina anonymously donates her coding skills to help a nonprofit develop a website.,"Greg dismisses ethical concerns about a new technology, prioritizing external fame and profit."
2,"Tom advocates for ethical AI practices in his company, inspiring others to do the same.",Hannah bullies her colleagues into adopting unethical data collection practices.
3,Leah leads a workshop on digital privacy and security to empower her community.,Oscar spreads misinformation about digital security to manipulate others for personal gain.
4,Amar helps his elderly neighbor learn to use social media to stay connected with family.,Trevor hoards coding knowledge to maintain a competitive advantage over peers.
5,Rosa encourages her team to prioritize work-life balance and mental wellness.,"Eva disregards the mental health of her team, imposing unsustainable workloads."
6,Eliot shares open-source resources to support the growth of tech education in underserved communities.,Liam uses his influence to suppress discussions on the negative impacts of technology.
7,Maya organizes a tech literacy program for children to reduce the digital divide.,Zara intentionally designs addictive features into her app to increase user engagement.
8,Nikolai donates his old devices and hosts workshops to bridge the generation gap in tech.,"Felix exploits public trust to promote a biased, harmful algorithm for financial gain."
9,"Sophie establishes a code of conduct for her company’s use of customer data, promoting transparency and accountability.","Olivia engages in toxic competition, sabotaging others for personal advancement in the tech industry."
0,"A tech professional mentors junior colleagues, encouraging virtuous conduct in their work.",A tech company prioritizes profit and competition over ethical considerations and employee well-being.
1,A CEO prioritizes ethical considerations and employee well-being over external fame and profit.,An influencer promotes harmful or unethical technology without considering its impact.
2,A software developer advocates for open-source and accessible technology to promote virtuous living.,"A software developer creates exclusive and inaccessible technology, prioritizing external fame and profit."
3,An influencer uses their platform to promote technomoral values and inspire others to do the same.,A CEO sacrifices virtuous living for the sake of external fame and financial success.
4,An entrepreneur creates a company culture that encourages employees to lead virtuous lives.,A teacher ignores the discussion of technomoral values in their technology curriculum.
5,A teacher incorporates discussions of technomoral values into their technology curriculum.,An entrepreneur creates a toxic company culture that values external fame and profit over virtuous living.
6,A researcher shares their knowledge and expertise to advance technomoral causes.,A researcher hoards knowledge and expertise for personal gain rather than sharing for the common good.
7,A parent guides their child to make ethical choices in their use of technology.,A parent neglects teaching their child about ethical choices in technology use.
8,An activist leads a movement to promote the responsible use of technology for social good.,"An activist uses technology irresponsibly, causing harm rather than promoting the common good."
9,An engineer designs technology with the intention of promoting virtuous living and moral excellence.,An engineer designs technology without considering its impact on virtuous living and moral excellence.
