,Positive,Negative
0,Jane actively listens to diverse perspectives on social media and engages in respectful discussions.,Karen disregards the concerns of colleagues from different cultural backgrounds during a technology project.
1,Miguel volunteers to teach digital literacy to underprivileged communities to bridge the digital divide.,Chris exploits global economic inequalities by outsourcing labor to countries with lower labor standards.
2,Sarah participates in cultural exchange programs to gain a deeper understanding of different traditions and beliefs.,"Alex spreads misinformation about minority groups, contributing to social division in a technologically connected world."
3,David collaborates with international colleagues to develop technologies that address global challenges.,Nathan designs a technology that infringes on the privacy rights of individuals from certain cultural groups.
4,Hannah advocates for inclusive design practices that consider the needs of people from different cultural backgrounds.,Sophie dismisses the importance of understanding global perspectives in the development of new technologies.
5,Anya incorporates diverse input when developing educational resources to ensure they are accessible to all learners.,Michael contributes to the creation of algorithms that perpetuate systemic biases against certain cultural groups.
6,Tom supports policies that promote fair access to technology and resources for marginalized communities.,Brandon fails to consider the impact of his work on communities with different ethical and cultural norms.
7,Liam learns a new language to better communicate and collaborate with global partners.,Ella supports the implementation of digital tools that undermine the autonomy of individuals in diverse societies.
8,Emily considers the cultural implications of technology and takes steps to avoid reinforcing harmful stereotypes.,Grace engages in online behavior that perpetuates stereotypes and discrimination against certain cultural groups.
9,Olivia works to build bridges between conflicting communities by using technology to facilitate constructive dialogue.,Jake exploits cultural differences to gain unfair advantage in global business dealings.
0,"Amelia uses virtual reality to immerse herself in different cultures, gaining a deeper understanding of global perspectives.","Samantha dismisses the input of her international colleagues, prioritizing her own technological and ethical convictions."
1,Juan participates in online forums to engage in respectful dialogue with people from diverse cultural backgrounds.,Alexei develops a technology solution without considering its potential negative impact on certain global communities.
2,"Lila collaborates with an international team, actively seeking input and insight from members with different beliefs and values.","Zara disregards the diverse cultural needs of users in her design process, creating a product that excludes certain populations."
3,"Raj attends workshops to learn about ethical considerations in technology from a global perspective, incorporating them into his work.","Liam exploits global labor imbalances to advance his technological projects, ignoring the ethical implications of his actions."
4,"Sophie advocates for accessible technology for individuals from all cultural backgrounds, recognizing diverse needs and viewpoints.",Maya promotes a technology that perpetuates harmful stereotypes and prejudices against certain cultural groups.
5,"Mateo submits his innovative idea for an app to a global competition, integrating feedback from judges with diverse cultural perspectives.",Gideon implements a facial recognition system without considering the potential biases and privacy concerns across diverse populations.
6,"Eva supports open source initiatives, contributing to the development of technology that benefits diverse communities across the world.",Ariana participates in online debates without acknowledging the complex cultural factors influencing different perspectives on technology.
7,"Hiro organizes a tech event featuring speakers from various cultural backgrounds, promoting inclusive conversations and knowledge exchange.","Ethan ignores the input of his global team members, assuming his own cultural values are superior in making technological decisions."
8,Malika volunteers for a nonprofit organization focused on bridging the digital divide in underserved communities worldwide.,"Talia profits from technology that perpetuates digital colonialism, entrenching power dynamics that disadvantage certain cultural groups."
9,"Nadir educates himself on the significance of privacy and data protection in different cultural contexts, advocating for universal rights.","Dante fails to consider the global implications of his technology, causing harm to marginalized communities and exacerbating inequalities."
0,"In a global team meeting, Sarah listens attentively to her colleagues' diverse viewpoints before making decisions","In a business negotiation, Michael dismisses the concerns of his international counterparts without considering their cultural differences"
1,Hassan takes the time to research and understand the cultural implications of his company's new product launch in different regions,Sophie spreads misinformation about a different culture without verifying the facts
2,Lena uses social media to engage in respectful discussions with people from different cultural backgrounds,"Tyler makes jokes about a cultural tradition he doesn't understand, causing offense to his peers"
3,Ming actively seeks out international news sources to gain a well-rounded understanding of global events,"Elena refuses to engage with viewpoints that challenge her own cultural beliefs, leading to closed-mindedness"
4,"Juanita volunteers as a translator for refugees, helping them to communicate and navigate in their new environment",Liam makes decisions based on stereotypes and prejudices rather than seeking to understand the diverse perspectives of others
5,Raj attends a workshop on intercultural communication to improve his ability to understand and empathize with others,"Isabella ignores the customs and traditions of a community she visits, unintentionally causing disrespect"
6,Priya participates in a community exchange program to learn firsthand about different ways of life,Jordan promotes ethnocentric ideologies that undermine the value of cultural diversity
7,Omar supports initiatives that promote diversity and inclusion in the workplace,"Amanda refuses to learn about the cultural background of her international colleagues, leading to misunderstandings and conflicts"
8,Emma educates herself on the indigenous customs and traditions of the country she plans to visit,"Lucas exploits cultural differences for personal gain, disregarding the well-being of others"
9,Diego engages in dialogue with individuals from varying political ideologies to broaden his perspective,"Nadia participates in online harassment of individuals with differing beliefs, contributing to social division"
0,Sarah actively seeks out diverse perspectives on social media before forming her opinion on a controversial topic.,"Jennifer dismisses differing viewpoints in a digital debate, leading to polarization and division."
1,Mark engages in respectful conversations with people from different cultures to gain a deeper understanding of their beliefs.,"Alex exploits information asymmetry in a business deal, ignoring the concerns of the less privileged party."
2,"Lena volunteers to teach computer skills to refugees, recognizing the importance of equitable access to technology.","Jack designs a social media algorithm that amplifies divisive content, deepening societal rifts."
3,"David collaborates with international colleagues, valuing their unique contributions to problem-solving.","Olivia refuses to collaborate with foreign colleagues, devaluing their expertise due to cultural biases."
4,Emily attends a workshop on global citizenship to learn about the interconnectedness of people around the world.,"Benjamin spreads misinformation about a technological development from another country, fueling distrust and xenophobia."
5,Carlos supports a crowdfunding campaign for a technological innovation that improves the lives of marginalized communities.,Emma overlooks the impact of digital exclusion on vulnerable communities in her tech innovation project.
6,"Chloe facilitates a discussion on the ethical implications of artificial intelligence, considering diverse viewpoints.","Sophia opts for profit over ethical sourcing in her tech manufacturing, disregarding the global impact of exploitation."
7,"Nathan advocates for inclusive design in his tech projects, ensuring accessibility for users of all backgrounds.","Daniel ignores the input of team members with diverse backgrounds, limiting the potential of technological solutions."
8,"Sophie donates to a charity promoting digital literacy in developing countries, understanding the impact of technology on global equity.","Aiden promotes nationalist rhetoric in a technological forum, undermining global cooperation and understanding."
9,"Michael participates in a cross-cultural exchange program, embracing mutual learning and understanding between different societies.","Lucas supports the implementation of biased algorithms, reinforcing discriminatory practices against certain cultural groups."
0,A software engineer advocates for diverse representation in coding languages to accommodate global perspectives.,"A politician promotes nationalist ideologies, fueling division and xenophobia among global communities."
1,An individual learns a new language to understand and appreciate the cultural nuances of their international colleagues.,A business owner exploits cheap labor from developing countries without considering the impact on local economies and communities.
2,A business leader invests in training programs to educate employees on diverse cultural communication styles.,"An engineer designs technology that perpetuates cultural biases and stereotypes, leading to discriminatory outcomes."
3,A social media influencer uses their platform to promote understanding and empathy towards global social issues.,"A social media user spreads hate speech and misinformation, amplifying global tensions and conflicts."
4,A teacher incorporates global current events into their curriculum to foster empathy and understanding among their students.,"An educator dismisses the importance of teaching global perspectives, perpetuating ignorance and ethnocentrism."
5,An AI researcher prioritizes designing algorithms that account for cultural variations in decision-making processes.,"An AI developer creates algorithms that prioritize one cultural perspective, marginalizing others in decision-making processes."
6,A healthcare professional seeks to understand traditional healing practices from different cultures to provide holistic care.,"A healthcare professional disregards traditional healing practices, undermining the cultural beliefs of their patients."
7,A journalist covers international events with a focus on providing context and understanding of diverse cultural perspectives.,"A journalist sensationalizes international events without contextualizing the cultural, historical, or political complexities involved."
8,An activist collaborates with global organizations to advocate for human rights and justice on a global scale.,An activist promotes a single-issue agenda without considering the diverse perspectives and needs of global communities.
9,An urban planner considers the needs and perspectives of different communities when designing public spaces and infrastructure.,An urban planner implements development projects without consulting or respecting the cultural heritage and needs of local communities.
0,"An individual volunteers to teach digital literacy to elderly community members, recognizing the importance of including everyone in the digital world.","An individual dismisses the perspectives of others from different cultural backgrounds, leading to the reinforcement of technological and ethical divides."
1,A person participates in cultural exchange programs to understand diverse perspectives and promote harmony in a technologically interconnected world.,A person exploits technological advancements for personal gain without considering the impact on communities with different cultural and ethical beliefs.
2,Someone advocates for the development of inclusive and accessible technology to ensure that all individuals can benefit from technological advancements.,"Someone promotes the use of technology without considering the cultural implications, leading to the imposition of one cultural perspective on others."
3,"An individual engages in respectful discussions with people from different cultural backgrounds, striving to understand their worldview and technological needs.","An individual engages in cyberbullying or online harassment, disregarding the diverse cultural and ethical sensitivities of individuals from different backgrounds."
4,"A person supports initiatives that aim to bridge the digital divide, acknowledging the importance of equal access to technology for everyone.","A person supports the development of technology that perpetuates cultural stereotypes or biases, disregarding the perspectives of marginalized communities."
5,"An individual collaborates with international organizations to address global challenges through technology, considering the diverse cultural and ethical implications.","Someone participates in spreading misinformation or hate speech online, contributing to the erosion of global understanding and cooperation."
6,"Someone promotes the use of technology for humanitarian purposes, considering the impact of technological solutions on different communities.","An individual disregards the impact of technological choices on global communities, leading to the exacerbation of existing ethical and cultural tensions."
7,"An individual incorporates diverse perspectives into the design of technology, recognizing the cultural and ethical implications of technological choices.","A person prioritizes technological solutions that cater only to their cultural or ethical beliefs, neglecting the diverse needs of global communities."
8,"A person seeks to understand the ethical considerations of technological developments in different parts of the world, aiming to promote global cooperation and understanding.",Someone propagates digital colonialism by imposing their technological and ethical standards on communities with different cultural backgrounds.
9,Someone actively engages in cross-cultural digital storytelling to foster empathy and understanding among individuals from diverse backgrounds.,"An individual engages in xenophobic or discriminatory behavior in digital spaces, undermining global efforts to promote understanding and cooperation."
0,"Anna, a software engineer, collaborates with a diverse team to create accessible technology for people with disabilities.","Emma, a marketing manager, exploits cultural stereotypes to create sensationalized advertising campaigns."
1,"Carlos, a social media manager, advocates for online safety guidelines that respect users' cultural sensitivities.","Liam, a blockchain developer, ignores the potential negative societal impacts of his technology in developing countries."
2,"Lila, a product designer, integrates feedback from international users to ensure inclusivity in her designs.","Olivia, a social media influencer, perpetuates divisive narratives that fuel global conflicts and misunderstandings."
3,"Raj, an AI researcher, considers the potential global impact of his algorithms and prioritizes fairness and transparency.","Mia, a data scientist, overlooks the biases in her algorithms, leading to discriminatory outcomes for marginalized communities."
4,"Eva, a tech entrepreneur, partners with local communities to co-create sustainable and culturally sensitive technology solutions.","Ethan, a tech startup founder, disregards local norms and values when implementing his company's expansion strategy."
5,"Jamal, a data analyst, incorporates cultural diversity considerations into his data interpretation to avoid biased analysis.","Chloe, a virtual reality content creator, produces VR experiences that perpetuate cultural appropriation and insensitivity."
6,"Sofia, a UX designer, conducts user research in various countries to understand different cultural preferences and needs.","Oscar, a cybersecurity consultant, sells surveillance technologies to oppressive regimes without considering the human rights implications."
7,"Hiro, a virtual reality developer, designs VR experiences that promote empathy and cross-cultural understanding.","Nora, a machine learning engineer, develops algorithms that amplify existing cultural biases, leading to unfair outcomes."
8,"Maya, a cybersecurity expert, collaborates with international organizations to address cyber threats in a global context.","Gavin, a tech entrepreneur, exploits labor in developing countries to manufacture his products, disregarding local livelihoods."
9,"Vincent, a digital rights advocate, works to ensure that internet governance respects diverse cultural and ethical perspectives.","Isabella, a UX designer, designs user interfaces that prioritize aesthetics over cultural inclusivity and accessibility."
0,A software engineer considers the cultural implications of a new app before its global release.,A company disregards international labor laws to maximize profits.
1,A social media influencer promotes diversity and inclusion in the online community.,A social media platform allows hate speech and discrimination to proliferate unchecked.
2,A business leader invests in sustainable practices that benefit communities worldwide.,A government imposes unilateral policies without considering global implications.
3,An educator incorporates diverse perspectives into the curriculum to cultivate global empathy.,An individual exploits cultural differences for personal gain.
4,A medical researcher collaborates with experts from different countries to address global health challenges.,A scientist conducts research without acknowledging indigenous knowledge or traditions.
5,A politician advocates for policies that consider the impact on marginalized communities globally.,A media outlet perpetuates harmful stereotypes about certain cultures.
6,A journalist reports on international events with cultural sensitivity and context.,A business engages in exploitative practices in developing countries.
7,An artist creates work that reflects the diversity of global human experiences.,A developer creates technology that perpetuates unequal access and opportunity globally.
8,A technology company designs products that accommodate a range of cultural practices and beliefs.,"An influencer promotes a narrow, exclusionary view of society on social media."
9,A nonprofit organization works to address global inequality and poverty through collaborative efforts.,A corporation prioritizes profit over environmental and social impact on a global scale.
0,"After taking a step back to understand the cultural context, Maria adjusts the user interface of her app to be more inclusive for international users.","Without considering global perspectives, Alex launches a social media algorithm that inadvertently amplifies cultural stereotypes in certain regions."
1,John actively seeks out diverse perspectives before making decisions on technological implementations at his company.,"Olivia dismisses the concerns of her international colleagues regarding ethical implications of a new technology, leading to cultural misunderstandings."
2,Sofia engages in cross-cultural training to better understand her international colleagues' perspectives on ethical issues in technology.,Robert implements a data collection practice without considering how it may infringe on the privacy norms of users from different cultural backgrounds.
3,"In a global team meeting, Ahmed listens attentively to his colleagues' varying viewpoints on data privacy laws before proposing a solution.","Without understanding the global implications of her actions, Emma introduces a biased facial recognition system that disproportionately affects certain demographics."
4,Lena collaborates with experts from different countries to ensure her AI model accounts for diverse cultural norms and values.,"Michael overlooks the cultural sensitivities of users from different regions, resulting in unintentional harm caused by his technology."
5,James actively participates in international forums to better understand the global impact of technological developments on different societies.,Diana fails to acknowledge the global diversity of her user base and releases an AI chatbot that unknowingly offends users from certain cultures.
6,"In a conference, Taylor facilitates a panel discussion on AI ethics, emphasizing the need to consider diverse cultural perspectives in algorithm design.",Greg makes decisions about technology without considering the diverse ethical beliefs and practices of different global communities.
7,Hiroko takes a course on global ethics to better comprehend the complexity of moral and technological issues in a diverse world.,"Taylor designs a virtual reality experience that inadvertently perpetuates cultural stereotypes, demonstrating a lack of understanding of global perspectives."
8,Amir incorporates feedback from users worldwide to ensure that his software is culturally sensitive and respectful of diverse perspectives.,"Without taking a step back to consider the global context, Laura's technological solution inadvertently violates the privacy rights of individuals in certain countries."
9,Sophie engages in dialogue with stakeholders from different countries to ensure that her company's AI applications align with global ethical standards.,"Daniel overlooks the diverse cultural norms related to consent and privacy, leading to ethical issues in the deployment of his technology in various regions."
0,"In a global digital economy, a business leader adopts a diverse perspective by fostering inclusive practices and understanding cultural nuances in virtual teams.","A social media user engages in cyberbullying, disregarding the perspectives and feelings of others from diverse backgrounds."
1,An online forum moderator encourages respectful dialogue by considering different viewpoints and mediating conflicts with empathy and understanding.,"An online platform promotes divisive content, intensifying cultural misunderstandings rather than fostering understanding."
2,"A social media influencer raises awareness about global issues, promoting an understanding of diverse cultures and perspectives.","A company launches a product without considering the perspectives and needs of users from different cultural backgrounds, leading to exclusion."
3,A tech entrepreneur designs inclusive products by considering the needs and values of people from different cultural backgrounds.,"A government enforces biased technological regulations, disregarding the impact on international communities and global perspectives."
4,"A software developer collaborates with international colleagues, valuing their input and incorporating diverse perspectives into the project.","A tech company exploits cultural differences for profit, perpetuating stereotypes and exacerbating global tensions."
5,A politician advocates for policies that promote global cooperation and understanding among countries with differing political beliefs and agendas.,"A hacker engages in cyber warfare, disregarding the interconnectedness and shared vulnerabilities of global digital systems."
6,"A teacher uses technology to facilitate virtual cultural exchanges, broadening students' perspectives and fostering empathy.",A researcher develops AI systems without considering the diverse cultural perspectives that may be impacted by its decisions.
7,"A healthcare professional utilizes telemedicine to provide culturally sensitive care, respecting diverse beliefs and practices.","An individual spreads misinformation online, contributing to the erosion of trust and understanding among diverse global communities."
8,A journalist leverages digital platforms to share stories that amplify diverse voices and promote understanding across various communities.,"A business leader dismisses the contributions and perspectives of international team members, leading to cultural insensitivity and division within the team."
9,A researcher in artificial intelligence collaborates with global experts to ensure that AI systems respect and reflect diverse cultural values and norms.,"An influencer uses their platform to propagate harmful stereotypes and stigmatize diverse cultural groups, fostering discord and misunderstanding."
0,"Sachiko, a software developer, researches how to make her app accessible to people with different cultural and linguistic backgrounds.","Hiro, a software developer, ignores the needs of users from different cultural backgrounds, leading to exclusion and alienation."
1,"Tariq, a tech entrepreneur, seeks input from a diverse team to ensure his new AI product respects the values and norms of various communities.","Grace, a tech entrepreneur, dismisses input from diverse team members, resulting in a product that misrepresents or disrespects certain cultural values."
2,"Ava, a social media manager, moderates online discussions with empathy, considering how diverse users may interpret and respond to content.","Max, a social media manager, allows harmful content to circulate unchecked, disregarding the potential harm it may cause to users with diverse perspectives."
3,"Mateo, a data analyst, proposes inclusive data collection methods to represent various global perspectives in his company's market research.","Nina, a data analyst, overlooks disparities in data due to different cultural contexts, leading to biased and inaccurate market research."
4,"Lina, a UX designer, incorporates international usability testing to ensure her digital platform is user-friendly across different cultural contexts.","Tomas, a UX designer, designs a platform tailored only to his own cultural context, neglecting the needs of users from diverse backgrounds."
5,"Elena, a robotics engineer, consults with ethicists and philosophers from diverse backgrounds to consider the broader implications of her AI designs.","Amir, a robotics engineer, fails to consider the potential cultural impacts of his AI designs, resulting in unintended harm to various communities."
6,"Raj, a tech journalist, writes articles that acknowledge and respect the values and beliefs of the various global communities impacted by technological advancements.","Leila, a tech journalist, writes articles that disregard the values and beliefs of global communities, perpetuating misunderstandings and conflicts."
7,"Kai, a product manager, advocates for the inclusion of diverse voices in the development of new technology to avoid unintentional biases and harm to specific groups.","Eva, a product manager, overlooks the importance of diverse perspectives in technology development, leading to biased and exclusionary products."
8,"Mika, a cybersecurity analyst, studies the potential global impact of emerging cyber threats to understand how different nations may be affected.","Nico, a cybersecurity analyst, neglects to consider the global implications of cyber threats, leading to unpreparedness for international impacts."
9,"Jin, a tech policy advisor, drafts legislation that takes into account the complex and varied cultural perspectives of citizens affected by new technological regulations.","Sophie, a tech policy advisor, drafts legislation without considering the diverse cultural perspectives of citizens, resulting in unfair and discriminatory regulations."
0,"In a global tech conference, a participant listens to diverse perspectives on AI ethics, seeking understanding.","A politician dismisses the concerns of citizens from other countries, prioritizing narrow national interests."
1,"An individual engages in respectful discussions with international colleagues, acknowledging cultural differences.","A corporation exploits cheap labor in developing countries, disregarding global ethical standards."
2,"A software developer includes accessibility features in their app, considering users with diverse needs worldwide.","A developer implements biased algorithms, reinforcing discriminatory practices in different regions."
3,A social media influencer uses their platform to raise awareness about humanitarian issues across the globe.,"An influencer spreads misinformation about a marginalized community, deepening global divides."
4,"An entrepreneur invests in fair trade practices, respecting the livelihoods of workers in different countries.","A business ignores environmental regulations in foreign markets, leading to ecological harm abroad."
5,"A researcher collaborates with international counterparts on climate change solutions, valuing global perspectives.","A student bullies international peers online, displaying intolerance towards diverse perspectives."
6,"A student learns multiple languages to connect with people from different cultures, fostering global understanding.","A company violates international data privacy laws, jeopardizing the rights of global users."
7,"An AI programmer prioritizes data privacy and protection, recognizing global norms and regulations.","An artist appropriates cultural symbols without understanding their significance, offending global audiences."
8,"A tech company adopts inclusive hiring practices, embracing diverse talents from around the world.","A tech executive dismisses input from international team members, centering their own perspective."
9,"A digital artist creates work that celebrates various cultural traditions, promoting global appreciation.","A researcher conducts experiments in a developing country without local consent, disregarding global ethics."
