,Positive,Negative
0,A person resists the urge to upgrade to the latest smartphone to reduce electronic waste.,"An individual constantly upgrades tech gadgets, contributing to electronic waste and resource depletion."
1,An individual sets limits on screen time to prioritize in-person interactions and mental well-being.,"Someone prioritizes screen time over in-person interactions, neglecting social relationships."
2,Someone chooses sustainable transport options to reduce carbon footprint despite the convenience of driving.,"A person excessively shops online, contributing to unnecessary consumption and environmental impact."
3,An individual refrains from impulse online shopping to minimize unnecessary consumption.,An individual excessively uses single-use plastics without consideration for environmental consequences.
4,A person avoids using single-use plastics to minimize environmental impact.,"Someone constantly engages in social media, neglecting real-life connections and experiences."
5,Someone takes breaks from social media to focus on meaningful real-life connections.,"A person fails to set boundaries on technology use, leading to excessive screen time."
6,An individual implements digital detox days to promote mindful technology use.,An individual ignores sustainable transport options in favor of personal convenience.
7,A person adopts energy-efficient appliances to reduce overall energy consumption.,Someone hoards unnecessary tech gadgets leading to excessive electronic waste.
8,Someone consciously reduces dependence on disposable tech gadgets to reduce electronic waste.,"A person disregards energy-efficient appliances, contributing to unnecessary energy consumption."
9,An individual partakes in community initiatives to raise awareness about the environmental impact of technology.,An individual neglects to raise awareness about the environmental impact of technology within the community.
0,A person chooses to limit their screen time to prioritize in-person interactions and mental well-being.,"An individual succumbs to excessive social media use, neglecting real-world relationships and responsibilities."
1,An individual participates in a tech detox to reduce their reliance on digital distractions.,"A person constantly seeks the latest tech upgrades, contributing to electronic waste and environmental harm."
2,Someone resists the urge to upgrade to the latest tech gadget to reduce electronic waste.,"Someone engages in impulse buying of tech gadgets, contributing to excessive consumption and waste."
3,"An individual prioritizes sustainable technology options over flashy, but environmentally harmful alternatives.",An individual prioritizes personal convenience over the environmental impact of their technological choices.
4,A person chooses to use public transportation or carpooling to reduce their carbon footprint.,A person disregards privacy and security concerns for the sake of technological convenience and entertainment.
5,"An individual implements digital minimalism, reducing their technological consumption to essential needs.","Someone engages in addictive online behaviors, neglecting their physical and mental well-being."
6,Someone avoids engaging in addictive online behaviors to maintain a healthy work-life balance.,An individual supports the development and use of technologies that exploit natural resources and harm the environment.
7,A person limits their online shopping to reduce excessive consumption and waste.,"A person ignores the ethical implications of their tech use, contributing to societal harm and inequality."
8,An individual practices mindfulness to resist impulsive technological use and prioritize meaningful activities.,"Someone promotes and shares harmful, misleading content online without considering the consequences."
9,Someone supports policies and regulations to curb the harmful impact of technology on the environment and society.,An individual prioritizes personal gain over the well-being of others and the environment in their technological choices.
0,"In a world filled with tempting technological distractions, Maya practices self-control by setting limits on her screen time to prioritize face-to-face interactions.","Amid the ease of online shopping, Tom frequently gives in to impulsive purchases, accumulating items he doesn't need and contributing to excess waste."
1,"Despite the allure of fast fashion and trendy gadgets, David chooses to buy only what he truly needs to reduce his environmental impact.","Despite awareness of environmental issues, Amanda continues to indulge in fast fashion, purchasing new clothing items frequently without considering their impact."
2,"Instead of constantly upgrading his devices, Carlos opts to use them until they are no longer functional to decrease electronic waste.","Javier succumbs to the constant desire for new tech gadgets, leading to a cycle of excessive consumption and electronic waste in his household."
3,"When feeling the urge to make impulsive online purchases, Fiona takes a moment to reflect on whether the items are truly necessary before hitting 'buy.'","Emily struggles with limiting her screen time, often sacrificing sleep and real-life interactions to indulge in digital distractions."
4,"Sophie resists the temptation to constantly check social media, allowing herself uninterrupted time for deep focus and reflection.","Despite knowing the impact of meat consumption, Ryan continues to support factory farming practices by consuming meat excessively."
5,"Rather than giving in to the convenience of single-use plastics, Alex brings reusable containers and utensils to reduce his contribution to environmental pollution.","Olivia gives in to the convenience of single-use plastics, contributing to the pollution of the environment without considering the long-term consequences."
6,Hiro prioritizes spending time engaging in physical activities and outdoor adventures over being glued to screens for the sake of his overall well-being.,"Unable to resist the constant urge to upgrade, Lily frequently discards her functional devices in favor of the latest models, contributing to e-waste accumulation."
7,"Knowing the environmental impact of factory farming, Emma embraces a plant-based diet to support sustainable food practices.","In pursuit of social validation, Eric spends excessive time on social media, prioritizing virtual interactions over meaningful face-to-face connections."
8,"When faced with the option to upgrade to a larger, more energy-consuming home, Owen chooses to live in a smaller space to reduce his carbon footprint.","Amid the allure of larger homes, Zoe opts for a spacious, energy-consuming residence without considering the environmental repercussions of her choice."
9,"Despite pressure to constantly upgrade to the latest tech gadgets, Lisa opts to repair and refurbish her devices to extend their lifespans and minimize e-waste.","Despite awareness of the impact of her actions, Sarah continues to engage in excessive consumerism, buying and discarding items without thought for their environmental consequences."
0,Yara resists the urge to upgrade her phone despite peer pressure to keep it for reducing electronic waste.,Rachel succumbs to social media algorithms and overspends on unnecessary products.
1,Alex limits his screen time to spend quality time with his family and friends.,Olivia hoards unnecessary gadgets leading to electronic waste and resource depletion.
2,Maya chooses to buy energy-efficient appliances to minimize environmental impact.,Max indulges in addictive gaming and neglects personal and social responsibilities.
3,Ethan refrains from buying fast fashion to reduce the exploitation of labor and resources.,Aiden upgrades tech devices annually contributing to electronic waste and excess consumption.
4,Liam opts for public transportation to reduce carbon footprint instead of driving every day.,Ella ignores privacy concerns and shares personal data without considering the consequences.
5,Zara practices mindful consumption by avoiding unnecessary online shopping sprees.,Isaac constantly upgrades to the latest tech trends without considering the impact on the environment.
6,Nico decides to recycle and upcycle old gadgets instead of discarding them.,Lila falls for consumerist propaganda and constantly seeks instant gratification through tech purchases.
7,Sofia uses digital tools to track and limit her water and energy usage at home.,Nathan excessively uses resources for personal gain disregarding the impact on the community.
8,Zoe utilizes privacy tools and practices to protect personal data and digital identity.,Violet engages in online discourse without considering the impact on mental well-being and social harmony.
9,Jayden encourages his community to adopt sustainable tech practices for environmental preservation.,Kai disregards the consequences of posting and sharing misinformation online.
0,Jenny chooses to limit her screen time to spend quality time with her family.,"Chris indulges in excessive online shopping, contributing to overconsumption and waste."
1,Andre decides to invest in energy-efficient appliances to reduce his carbon footprint.,"Olivia upgrades to a new smartphone annually, contributing to electronic waste."
2,Lena selects to use public transportation instead of driving to reduce air pollution.,"Nathan ignores energy-efficient options when purchasing appliances, increasing energy consumption."
3,Tom resists the urge to upgrade to the latest smartphone to reduce electronic waste.,"Maria replaces her perfectly functional devices with newer models, contributing to e-waste."
4,Sophia opts to recycle old electronics instead of discarding them in the trash.,"Ethan spends excessive hours online, neglecting real-life interactions and relationships."
5,Mark refrains from purchasing unnecessary gadgets to minimize his environmental impact.,"Lily purchases products from companies with unethical production practices, supporting harmful industries."
6,Emma moderates her social media use to prioritize real-life interactions.,"Raul drives alone in his car despite public transportation options, increasing air pollution."
7,Hiroko chooses to buy locally sourced products to support sustainable practices.,"Alec constantly upgrades his electronics, contributing to environmental degradation."
8,Trevor limits his online shopping to reduce unnecessary consumption and waste.,"Samantha neglects to recycle her old electronics, adding to electronic waste in landfills."
9,Aisha decides to unplug electronic devices when not in use to conserve energy.,"Derek excessively uses energy without considering conservation, contributing to environmental harm."
0,"Maria, despite the allure of a new smartphone, chooses to repair her old one to reduce electronic waste.",Chris constantly upgrades to the latest tech gadgets without considering the environmental impact.
1,John sets a screen time limit to prioritize in-person interactions over constant digital distractions.,"Sophie spends excessive time on social media, neglecting real-life relationships and responsibilities."
2,Ahmed consciously reduces his online shopping to minimize unnecessary consumption and environmental impact.,"Lucas buys new devices impulsively, contributing to the harmful cycle of electronic waste."
3,Lena volunteers to educate her community on the harmful effects of excessive technology usage.,"Eva disregards energy-saving practices, leading to excessive consumption and environmental harm."
4,"David commits to using public transportation to reduce his carbon footprint, despite the convenience of driving.",Mia promotes excessive consumerism by constantly showcasing and endorsing new tech products on social media.
5,Jenny donates her old electronics to be refurbished and reused instead of buying new gadgets.,"Nathan engages in overconsumption of digital entertainment, resulting in neglect of real-world experiences and relationships."
6,Max implements energy-saving measures at home to reduce the environmental impact of excessive technology use.,"Olivia opts for fast fashion tech accessories, contributing to unethical labor practices and environmental damage."
7,Sara prioritizes spending quality time outdoors with her family over engaging in constant virtual entertainment.,Tyler invests in companies with a history of unethical technology production and labor practices.
8,Eliana advocates for regulations to control technological overconsumption and its detrimental effects on society and the environment.,Sophia supports unregulated technological advancements that lead to environmental degradation and social inequality.
9,Aiden extensively researches the supply chain of products to ensure they are ethically and sustainably produced before making a purchase.,Zoe exploits cheap labor and environmental resources in other countries to manufacture and satisfy her desire for the latest gadgets.
0,"In a world of advanced technology, Alex resists the temptation to constantly upgrade gadgets, reducing electronic waste.","Despite knowing the environmental impact, Katie constantly upgrades her gadgets, contributing to excessive electronic waste."
1,Emily chooses to limit her screen time to promote healthier relationships and mental well-being.,"Brad prioritizes screen time over real-life relationships, neglecting the negative effects on mental well-being."
2,Marcus educates himself on the environmental impact of his tech consumption and adjusts his habits accordingly.,Oliver ignores the environmental consequences of his tech consumption and continues to indulge in excessive online shopping.
3,"Sophia resists the urge to indulge in excessive online shopping, reducing carbon footprint from shipping.",Amelia impulsively buys new gadgets without considering the environmental impact of production and disposal.
4,Nathan sets boundaries for himself on social media to prioritize real-life interactions and mental peace.,"Ethan spends excessive time on social media, neglecting real-life interactions and mental peace."
5,"Olivia decides to repair her old smartphone instead of buying a new one, reducing electronic waste.","Mia discards her old electronics without considering repair or recycling options, contributing to electronic waste."
6,"Chloe consciously avoids using single-use tech gadgets, minimizing harm to the environment.","Jackson habitually purchases single-use tech gadgets, contributing to environmental harm."
7,"David chooses to purchase energy-efficient appliances, reducing his carbon footprint.","Ava overlooks energy efficiency when purchasing appliances, contributing to unnecessary energy consumption."
8,"Isabella restricts her impulse to constantly upgrade her devices, reducing electronic waste production.","Logan constantly upgrades his devices without considering the environmental consequences, contributing to electronic waste."
9,Liam actively engages in discussions to promote public awareness about the environmental impact of excessive tech consumption.,"Harper dismisses discussions about the environmental impact of tech consumption, neglecting public awareness and action."
0,Ana decides to limit her screen time to spend more quality time with her family.,"Alex compulsively buys the latest gadgets, contributing to electronic waste."
1,Joe chooses to use public transportation instead of driving to reduce carbon emissions.,Olivia constantly prioritizes social media over spending time with loved ones.
2,Maria sets parental controls on her child's devices to promote healthy usage.,"Max exploits personal data for financial gain, disregarding privacy and security."
3,David refrains from upgrading to the latest smartphone to reduce electronic waste.,"Karen disregards environmental impact, choosing convenience over sustainable practices."
4,Lena encourages her workplace to implement recycling and sustainability initiatives.,Benjamin promotes addictive technology products without considering their potential harm.
5,Tom participates in a technology detox weekend to prioritize human connections.,"Nina engages in cyberbullying, using technology to harm others for personal gain."
6,Sophie consciously avoids online impulse shopping to minimize consumerism.,Mike consumes energy-hungry devices without concern for environmental impact.
7,Chris volunteers to teach elderly individuals how to use technology to bridge the digital divide.,Sara chooses to profit from the dissemination of fake news for personal gain.
8,Raj attends a protest against a company's unethical data mining practices.,Paula peddles addictive mobile games targeting vulnerable demographics.
9,Eva advocates for policies to regulate and reduce the production of disposable technology.,Lucas supports tech companies that exploit labor and disregard workers' rights.
0,Jane decides to limit her screen time to spend more quality time with her family.,"Chris compulsively upgrades to the latest gadgets, contributing to e-waste."
1,Mark uses a productivity app to limit his social media use and focus on work.,"Lucy spends excessive time on social media, neglecting real-life relationships."
2,Sarah chooses to buy a second-hand phone instead of the latest model to reduce e-waste.,"Peter buys multiple tech gadgets he doesn't need, contributing to excessive consumption."
3,David donates his old gadgets for recycling instead of hoarding them.,"Olivia constantly upgrades to the latest phone, contributing to resource depletion."
4,Lina opts for public transportation instead of driving to reduce carbon emissions.,Sophie drives a gas-guzzling SUV despite viable public transportation options.
5,Tom participates in a digital detox weekend to prioritize in-person interactions.,"Nathan constantly checks his phone, contributing to digital addiction."
6,Emily sets strict boundaries on her online shopping to reduce unnecessary consumption.,"Ella engages in impulsive online shopping, contributing to overconsumption."
7,Michael chooses to repair his broken device instead of immediately buying a new one.,"Daniel refuses to recycle old gadgets, contributing to environmental pollution."
8,Alex turns off push notifications to reduce distractions and improve focus.,"Ava ignores energy-saving settings on her devices, contributing to excessive energy use."
9,Hannah decides to use energy-saving settings on her devices to conserve energy.,"Max hoards old electronic devices instead of recycling them, contributing to e-waste."
0,"David resists the urge to constantly upgrade his phone, choosing to use it until it can no longer be repaired","Lisa constantly upgrades her devices, fueling unnecessary consumption and e-waste"
1,Maria limits her online shopping to reduce unnecessary consumption and waste,"Chris indulges in excessive online shopping, contributing to environmental degradation"
2,Alex sets restrictions on his social media usage to prioritize real-life interactions,"Michael prioritizes virtual interactions over real-life connections, neglecting meaningful relationships"
3,Sarah buys a second-hand laptop instead of contributing to electronic waste by purchasing a new one,Taylor regularly buys new tech gadgets without considering their environmental impact
4,Liam chooses to walk or bike to work to reduce his carbon footprint,"Ava drives short distances despite the option to walk or bike, contributing to air pollution"
5,Emma prioritizes ethical and sustainable brands when making tech-related purchases,Ethan consistently supports tech brands with unethical labor and environmental practices
6,James installs energy-saving devices in his home to reduce his electricity usage,"Chloe leaves electronic devices running unnecessarily, leading to higher energy consumption"
7,Olivia participates in e-waste recycling programs to properly dispose of old gadgets,"Daniel discards old electronics in regular trash, contributing to e-waste pollution"
8,Sophie abstains from using disposable tech gadgets to minimize environmental impact,"Mia frequently purchases disposable tech gadgets, contributing to environmental degradation"
9,Nathan implements digital detox days to promote healthier tech usage habits,"Noah is constantly glued to multiple screens, neglecting his physical and mental health"
0,Alice chooses to limit her screen time to reduce electronic waste,"Alice constantly upgrades her gadgets, contributing to electronic waste"
1,Bob decides to walk instead of using a ride-sharing app to reduce carbon emission,"Bob orders food delivery multiple times a day, increasing carbon footprint"
2,Catherine buys second-hand gadgets to reduce electronic waste,Catherine buys new gadgets with no consideration for electronic waste
3,David rejects the urge to constantly upgrade his smartphone to reduce electronic waste,"David hoards electronic gadgets, leading to unnecessary consumption"
4,Elena decides to use energy-efficient appliances to reduce electricity consumption,Elena leaves energy-consuming appliances running when not in use
5,Frank opts for public transportation instead of driving to reduce carbon footprint,"Frank relies heavily on private transportation, increasing carbon emission"
6,Grace invests in sustainable technology to reduce environmental impact,Grace disregards environmental impact when investing in technological advancements
7,Henry chooses to recycle old electronics instead of disposing them,"Henry discards old electronics into regular trash, contributing to e-waste"
8,Isaac uses eco-friendly phone cases and accessories to reduce plastic waste,"Isaac repeatedly buys new phone accessories, leading to plastic waste"
9,Jessica practices mindful consumption by resisting unnecessary online shopping,"Jessica indulges in impulse online shopping, contributing to overconsumption"
0,"In a world dominated by hyper-personalized advertising, Maya exercises self-control by choosing to limit her screen time and not give in to impulse purchases.","Liam gives in to the constant advertising and upgrades to the latest smartphone, contributing to electronic waste and environmental degradation."
1,"After realizing the environmental impact of fast fashion, Alex shows self-control by embracing a minimalist lifestyle and buying only what he truly needs.","Amelia succumbs to fast fashion trends, indulging in excessive clothing purchases without considering the environmental impact."
2,"Despite the pressure to constantly upgrade to new gadgets, Eva decides to use her electronic devices until they are no longer functional, reducing electronic waste.","Despite being aware of the environmental damage, Luke chooses to ignore it and continues to engage in high-consumption behaviors."
3,"When tempted to indulge in excessive social media use, Daniel practices self-control by setting boundaries and prioritizing face-to-face interactions.","Natalie is unable to resist the constant urge for instant gratification, leading to impulsive and environmentally harmful purchasing decisions."
4,"Amidst the convenience of food delivery apps, Sophia exercises self-control by opting to cook at home, reducing packaging waste and supporting local produce.","Despite understanding the importance of reducing carbon footprint, Ethan opts for a gas-guzzling luxury vehicle, prioritizing status over sustainability."
5,"David demonstrates self-control by resisting the urge to constantly upgrade his smartphone, choosing instead to repair and maintain his current device.","Sophie gives in to the convenience of single-use plastic products, contributing to the pollution of oceans and ecosystems."
6,"Faced with the allure of luxury car ownership, Olivia shows self-control by opting for public transportation and reducing her carbon footprint.","Despite the harmful effects of excessive screen time, Anthony cannot resist the allure of constantly checking social media platforms."
7,"Despite the allure of high-consumption lifestyles, Michael practices self-control by embracing sustainable practices and reducing his overall ecological impact.","Oliver engages in excessive food delivery, leading to a significant increase in packaging waste and environmental burden."
8,"In a society driven by instant gratification, Sarah exercises self-control by investing in experiences rather than material possessions.","Despite the environmental impact, Emma continues to upgrade to the latest electronic gadgets without considering the consequences of e-waste."
9,"When tempted to mindlessly browse online, Jason exercises self-control by allocating dedicated time for internet usage and staying mindful of his digital consumption.","Lucas succumbs to the pressure of materialism, prioritizing the accumulation of possessions over the well-being of the environment and society."
