,Positive,Negative
0,"After learning about the environmental impact of data centers, Maria advocates for using renewable energy in her company's data infrastructure.",Mark exploits user data for targeted advertising without transparent consent or consideration for privacy.
1,David helps his elderly neighbor set up security measures on her smart home devices to protect her privacy and security.,Linda disregards the environmental impact of her company's data centers and dismisses the importance of sustainable infrastructure.
2,"In a meeting, Sarah encourages her team to consider the potential biases in their AI algorithms and work towards creating more equitable solutions.","Jake develops AI algorithms without addressing potential biases, leading to discriminatory outcomes for certain user groups."
3,"When designing a new app, Alex ensures that user data is collected and stored ethically with strict consent and protection measures.","Sophia neglects to implement strong security measures for user data in her app, leaving it vulnerable to potential breaches and misuse."
4,Javier guides his team to prioritize accessibility and inclusivity in their product design to ensure equal access for all users.,"Carlos overlooks accessibility in his product design, resulting in exclusion and barriers for users with disabilities."
5,Tina educates her colleagues about the ethical implications of using facial recognition technology in public spaces and advocates for stricter regulations.,Nina promotes the widespread use of facial recognition technology without considering its potential for abuse and invasion of privacy.
6,Ashley supports open-source initiatives and encourages her company to contribute to the community to promote technological innovation for the greater good.,"Tyler's company prioritizes profit over ethical considerations, neglecting to contribute to the open-source community and hindering technological progress."
7,"Raj participates in discussions about the ethical use of robotics in the workforce, advocating for policies that prioritize human well-being and dignity.",Hannah advocates for the implementation of robotics in the workforce without considering the potential job displacement and impact on human well-being.
8,Kai promotes digital literacy and critical thinking skills in his community to combat misinformation and promote responsible technology use.,"Oliver spreads misinformation and fails to promote critical thinking, contributing to the proliferation of harmful content online."
9,"In a conversation about online content moderation, Emma emphasizes the importance of protecting freedom of speech while also addressing harmful content responsibly.","In a content moderation discussion, Lucas advocates for unrestricted freedom of speech without addressing the impact of harmful content on individuals and society."
0,"A software engineer actively educates their team on the ethical implications of their work, fostering technomoral wisdom.","A corporation prioritizes profit over user privacy, disregarding the principles of technomoral wisdom in their data collection and usage."
1,"A teacher incorporates discussions about digital privacy and online behavior into their curriculum, promoting technomoral wisdom among students.","A student plagiarizes online content without regard for intellectual property rights, violating the principles of technomoral wisdom in academic integrity."
2,"A company implements transparent algorithms to avoid biased decision-making, demonstrating technomoral wisdom in their business practices.","A social media user spreads misinformation without fact-checking, contributing to the erosion of truth and trust in digital spaces, lacking technomoral wisdom."
3,"A parent limits their child's screen time and encourages offline activities, prioritizing their development and well-being over excessive technology use.","A government agency deploys surveillance technology without proper oversight, infringing on citizens' rights and neglecting technomoral wisdom in governance."
4,"A group of friends engage in discussions about the impact of technology on society, striving to deepen their understanding of technomoral wisdom.","An individual engages in cyberbullying, disregarding the impact of their actions on others and failing to embody technomoral wisdom in their online conduct."
5,"A government agency creates policies to protect citizens' digital rights and privacy, reflecting a commitment to technomoral wisdom in governance.","A company exploits loopholes in data protection laws to manipulate user data for targeted advertising, neglecting technomoral wisdom in their business practices."
6,"A social media influencer uses their platform to promote ethical digital conduct and raise awareness about online safety, embodying technomoral wisdom.","A developer creates a biased algorithm that perpetuates discrimination, ignoring the imperative of technomoral wisdom in the design and deployment of technology."
7,"A healthcare provider adopts secure and ethical use of patient data, honoring the principles of technomoral wisdom in their practice.","A caregiver exposes children to inappropriate content due to negligent digital supervision, disregarding the responsibility of fostering technomoral wisdom in minors."
8,"An individual regularly evaluates their digital footprint and takes steps to minimize their environmental impact, embracing technomoral wisdom in their ecological consciousness.","An organization disregards the environmental impact of their technology production and disposal, neglecting their duty to embrace technomoral wisdom in ecological stewardship."
9,"A programmer advocates for inclusive and accessible design practices in technology, demonstrating their dedication to technomoral wisdom in their field.","An individual engages in addictive and compulsive technology use, sacrificing their well-being and relationships, disregarding the precepts of technomoral wisdom."
0,A person respectfully engages others in discussions about the ethical implications of AI in the workplace.,A person ignores the potential discriminatory impacts of an automated hiring system they are implementing.
1,Someone practices critical reflection on their social media use to ensure they are not spreading misinformation.,Someone spreads fear-mongering content without fact-checking on social media.
2,An individual mentors a colleague on the responsible use of big data in their research projects.,An individual exploits data for personal gain without considering the consequences for others.
3,Someone actively seeks out diverse perspectives in designing inclusive technology solutions.,Someone overlooks the needs of marginalized communities in the design of a new digital platform.
4,A person advocates for policies that prioritize data privacy and security in their community.,A person disregards data privacy laws and engages in unauthorized data collection.
5,An individual donates their time to teach digital literacy skills to underprivileged communities.,An individual contributes to digital divide by hoarding technology resources in their community.
6,Someone incorporates environmental sustainability into their decision-making when purchasing new gadgets.,Someone habitually upgrades to the latest tech without considering the environmental consequences.
7,"A person practices empathy and compassion in online interactions, especially in challenging discussions.",A person engages in cyberbullying or harassment online without recognizing the harm caused.
8,"An individual encourages ethical behavior in their professional network, especially in relation to technological advancements.",An individual promotes unethical use of technology in their professional circle for personal benefit.
9,Someone educates themselves on the potential biases embedded in algorithms and takes steps to address them in their work.,Someone develops or uses biased algorithms that perpetuate social injustices.
0,James considers the environmental impact before purchasing a new smartphone.,Chris overlooks the ethical implications of using facial recognition technology.
1,Sarah seeks informed consent before using personal data for research.,"Sophie engages in online trolling, disregarding its harmful effects on others."
2,David advocates for inclusive design in his company's product development.,Aiden ignores the privacy implications of sharing personal data with third-party apps.
3,Lisa takes time to reflect on how her social media posts may impact others.,Megan promotes a social media campaign without fact-checking its information.
4,Alex seeks to understand the potential bias in algorithmic decision-making.,Ethan exploits social media algorithms for personal gain at the expense of others.
5,Hannah prioritizes digital well-being by setting boundaries on screen time.,Lily fails to consider the accessibility needs of users in her app development.
6,Michael practices digital minimalism to reduce his environmental footprint.,Noah dismisses the ethical concerns raised by employees regarding AI surveillance.
7,Emma educates herself on cybersecurity best practices to protect her data.,Grace participates in cyberbullying without considering the emotional impact.
8,Olivia incorporates diverse perspectives when designing AI ethics frameworks.,Dylan disregards the environmental impact of e-waste in his tech consumption.
9,Tyler supports the ethical use of AI in healthcare to benefit underserved communities.,Isabella supports the deployment of AI systems without assessing their biases.
0,A person chooses to use technology to promote social justice and equality.,An individual exploits technology to perpetuate discrimination and inequality.
1,An individual practices critical thinking and reflection on the ethical implications of their technological choices.,Someone recklessly uses technology without considering its ethical implications.
2,Someone advocates for the privacy and data protection of vulnerable communities.,A person violates the privacy and data rights of individuals through technological means.
3,A person encourages diversity and inclusion in technological development and innovation.,An individual promotes exclusionary and biased technological developments.
4,An individual mentors others on responsible and ethical use of technology.,Someone mentors others to engage in unethical and harmful uses of technology.
5,Someone promotes transparency and accountability in the design and use of technology.,A person supports secretive and irresponsible use of technology.
6,A person supports the development of technology for sustainability and environmental conservation.,An individual disregards environmental concerns and promotes harmful technological practices.
7,An individual values human connection and seeks to use technology to enhance relationships.,Someone prioritizes digital interactions over meaningful in-person relationships.
8,Someone advocates for accessible and affordable technology for all members of society.,A person supports the development of exclusive and expensive technology inaccessible to many.
9,A person engages in public discourse and activism on ethical uses of technology.,An individual engages in public discourse that encourages unethical uses of technology.
0,Kara researches the environmental impact of different tech products before making a purchase.,"Nate dismisses concerns about the ethical implications of emerging technologies, prioritizing convenience over impact."
1,Alex regularly educates themselves on new digital privacy laws and takes steps to protect their data.,"Sophie spreads misinformation online, contributing to the erosion of truth and trust in digital spaces."
2,Samara promotes ethical tech use in their workplace by advocating for inclusive and accessible design.,"Rajesh exploits loopholes in data protection laws for personal gain, disregarding the rights of others."
3,"Javier mentors young coders, emphasizing the importance of using technology for social good.",Tara creates and promotes addictive apps without considering the potential harm to users' well-being.
4,Hannah encourages her friends to critically analyze the source and reliability of online information.,"Liam engages in cyberbullying, using technology to harm and intimidate others."
5,Eva participates in open discussions about the responsible use of artificial intelligence in society.,"Nina overlooks the biased algorithms in her company's software, perpetuating social injustices."
6,Miguel leads a community workshop on digital well-being and mindfulness in a hyperconnected world.,Ethan leverages advanced tech skills to deceive and manipulate others for financial gain.
7,Leila teaches her children the value of using technology to foster empathy and understanding.,"Alicia ignores warnings about the ecological impact of her digital consumption, contributing to environmental harm."
8,"Isaac advocates for diverse representation in tech leadership, promoting equality and fairness.",Gavin supports tech companies with a history of labor abuses and disregard for workers' rights.
9,Olivia uses technology to support sustainable practices toward a greener and more equitable future.,Fiona uses technology to reinforce stereotypes and promote exclusion instead of diversity and inclusion.
0,"After recognizing the impact of social media on mental health, a person actively limits their screen time and encourages friends to do the same.","Influenced by social media algorithms, a person engages in spreading divisive and polarizing content, contributing to online toxicity."
1,A person carefully considers the environmental impact of their tech purchases and chooses to support companies with sustainable practices.,"Ignoring the consequences, a person supports companies known for exploiting labor and disregarding environmental standards in tech production."
2,"When encountering misinformation online, a person takes the time to fact-check before sharing, prioritizing truth over sensationalism.","Falling for clickbait, a person shares unverified information, further perpetuating misinformation online."
3,An individual advocates for digital privacy rights and supports legislation that protects personal data from exploitation.,"An individual profits from selling personal data without consent, disregarding the digital privacy of others."
4,"A person guides a friend on using technology ethically, promoting empathy and kindness in digital communication.","Engaging in cyberbullying, a person uses technology to harm others and spread negativity in digital spaces."
5,Someone takes the time to teach elderly relatives how to safely navigate the internet and avoid online scams.,"A person dismisses the digital literacy needs of elderly relatives, leading to their vulnerability to online scams and misinformation."
6,"A professional uses their technological expertise to develop accessible tools for individuals with disabilities, promoting inclusivity.","Prioritizing profit over ethics, a professional contributes to the development of technology that excludes individuals with disabilities."
7,"An individual speaks out against the use of biased algorithms in hiring processes, advocating for fairness and equity.","A person supports the use of biased algorithms in hiring, perpetuating discrimination and inequality in employment."
8,"A person prioritizes cybersecurity, regularly updating their devices and educating others on safe online practices.","Neglecting cybersecurity, a person's devices become compromised, leading to breaches of personal information and potential harm to others."
9,"An individual takes action to bridge the digital divide, working to provide technology access to underserved communities.","Turning a blind eye, an individual contributes to widening the digital divide by ignoring the unequal access to technology in their community."
0,A student uses social media to spread awareness about mental health and support peers in need.,A company exploits user data for profit without their consent.
1,An engineer prioritizes data privacy and security measures in the development of a new technology.,A government uses technology to surveil and oppress its citizens.
2,A parent teaches their child the importance of digital empathy and respectful online behavior.,An individual spreads hate speech and misinformation online without consideration for its impact.
3,A company invests in sustainable and environmentally friendly technology solutions.,A developer creates a technology that perpetuates social biases and discrimination.
4,A researcher responsibly shares knowledge and resources to promote global equity in technological advancement.,An organization pollutes the environment through irresponsible technological practices.
5,A government establishes policies to ensure fair access to digital resources for all citizens.,An individual engages in cyberbullying and harassment on social media platforms.
6,A teacher educates students on the ethical use of artificial intelligence in decision-making processes.,A company prioritizes profit over the well-being of its employees in the implementation of new technology.
7,A healthcare professional advocates for equitable access to telemedicine and digital healthcare services.,"A government neglects to regulate the ethical use of artificial intelligence, leading to unjust outcomes."
8,A designer creates user interfaces that prioritize accessibility for individuals with disabilities.,A healthcare provider discriminates against certain groups in the provision of digital healthcare services.
9,An individual uses technology to promote cultural diversity and equality in their community.,"An engineer overlooks safety measures in the development of a new technology, leading to harm for users."
0,"A student uses social media to raise awareness about mental health and provide resources for those in need, demonstrating technomoral wisdom.","A social media influencer promotes harmful products without considering the impact on their followers' well-being, lacking technomoral wisdom."
1,"An employee advocates for inclusive design in their company's new product, considering the impact of technology on diverse users.","An engineer develops a surveillance tool without considering the implications for privacy and civil liberties, neglecting technomoral wisdom."
2,A parent sets limits on screen time for their children and educates them about responsible internet use.,"A parent allows unrestricted access to screens for their children, overlooking the importance of guiding responsible technology use."
3,A programmer prioritizes data privacy and security in their software development to protect users' personal information.,"A company prioritizes profit over data privacy, leading to unethical handling of customer information and a lack of technomoral wisdom."
4,A teacher incorporates discussions of ethics and digital citizenship into their curriculum to help students develop technomoral wisdom.,"A teacher ignores discussions of digital ethics, failing to help students develop critical technomoral reasoning skills."
5,An activist uses online platforms to mobilize support for environmental sustainability and responsible use of technology.,"An online platform prioritizes engagement over content moderation, leading to the spread of harmful misinformation and a lack of technomoral wisdom."
6,A researcher conducts ethical assessments of AI algorithms to minimize bias and discrimination in decision-making processes.,"A researcher overlooks potential biases in their AI algorithm, leading to discriminatory outcomes and lacking technomoral wisdom."
7,A medical professional ensures that patient data is handled with care and confidentiality in electronic health records systems.,"A healthcare provider negligently exposes patient data through insecure digital systems, demonstrating a lack of technomoral wisdom."
8,A business leader promotes transparency and accountability in the use of AI and automation within their organization.,"A business leader deploys AI systems without considering the ethical implications for employee well-being and societal impact, lacking technomoral wisdom."
9,A technology journalist critically examines the potential societal impacts of emerging technologies and promotes public awareness of ethical considerations.,"A technology journalist sensationalizes emerging technologies without considering the broader ethical implications, contributing to public ignorance of technomoral values."
0,"After learning about the negative impacts of social media, Alex decides to limit screen time and engage in more face-to-face interactions.",Taylor spreads misinformation and fake news without fact-checking on social media platforms.
1,Maya takes a course on digital ethics to understand the implications of AI and machine learning in her industry.,"Rachel neglects cybersecurity best practices, leading to a data breach at her company."
2,Javier implements strong encryption and security measures to protect sensitive data on his company's network.,"Evan exploits user data for targeted advertising without user consent, prioritizing profit over privacy."
3,Sarah advocates for inclusive design practices to ensure that her company's products are accessible to all users.,Tyler promotes and supports the development of technology with known harmful impacts on human rights and well-being.
4,Megan carefully considers the environmental impact before upgrading to the latest tech gadgets.,Olivia disregards the environmental consequences of e-waste by frequently disposing of outdated gadgets.
5,David educates himself on online privacy issues and uses privacy-focused tools to protect his personal data.,"Jordan engages in online harassment and cyberbullying, causing harm to others through digital means."
6,Lena participates in open source software development to contribute to technological progress in an ethical and transparent way.,Sophia plagiarizes open source code without giving credit to the original developers.
7,Nathan organizes workshops on digital well-being to help others develop healthy relationships with technology.,Liam encourages addictive and manipulative design practices in digital products to maximize user engagement.
8,Emily incorporates mindfulness practices to balance her digital interactions and maintain focus in a technologically saturated environment.,"Isabella prioritizes screen time over meaningful in-person interactions, leading to social isolation and disconnection."
9,Chris encourages his peers to critically evaluate the ethical implications of emerging technologies before adopting them.,"Aiden dismisses ethical concerns about emerging technologies, contributing to the uncritical adoption of potentially harmful innovations."
0,"When faced with a decision about sharing personal data, Mark considers the potential impact on his privacy and the ethical implications before proceeding.",Chris readily shares sensitive personal data without considering the potential risks to his privacy and the potential misuse of that information.
1,Lena regularly updates her knowledge about online security measures to protect herself and others from cyber threats.,"Sophie neglects to update her security software, putting herself and others at risk of cyber attacks and online vulnerabilities."
2,Jake prioritizes the well-being of his employees by offering them training and support to cope with the increasing technological demands at work.,"Oliver pushes his employees to adapt to new technologies without providing necessary support, leading to stress and burnout in the workplace."
3,Sara evaluates the environmental impact of her technological consumption and actively seeks out sustainable and eco-friendly alternatives.,"Emma engages in excessive technology consumption without considering its environmental impact, contributing to e-waste and unsustainable practices."
4,Carlos engages in open and honest discussions with his children about the ethical use of technology and encourages critical thinking about its impact on society.,"Lucas dismisses the importance of educating his children about responsible digital citizenship, leading to their unawareness of ethical considerations in technology use."
5,Eva takes time to reflect on how her online interactions and digital footprint align with her values and the kind of digital presence she wants to cultivate.,"Maria rarely reflects on the ethical implications of her online behavior, contributing to a digital presence that may not align with her deeper values."
6,Anna considers the broader social consequences of new technological developments and actively advocates for policies that promote equitable access and fair distribution of resources.,David fails to consider the wider societal impact of his technological work and prioritizes profit over ethical considerations and social responsibility.
7,"Miguel actively seeks out diverse perspectives and voices in online spaces, taking care to avoid echo chambers and misinformation.","Isabella remains immersed in online spaces that reinforce her existing beliefs, contributing to polarization and the spread of misinformation."
8,Nina makes a point of supporting businesses and organizations that prioritize ethical and transparent use of data and technology in their operations.,"Rafael supports businesses and organizations known for unethical data and technology use, contributing to the perpetuation of harmful practices."
9,"Hiro takes responsibility for the impact of his technological creations, striving to design and develop products that align with technomoral values and benefit society as a whole.",Yuki designs and develops technological products without considering their potential negative impact on society and without regard for technomoral values.
0,A teenager practices technomoral wisdom by educating peers on responsible social media use.,"A teenager engages in cyberbullying, disregarding the emotional harm caused by their actions."
1,A parent teaches their child about online privacy and the importance of ethical digital behavior.,"A parent neglects to monitor their child's online activities, leading to exposure to harmful content."
2,A professional mentor advises their colleagues on using AI in ways that prioritize fairness and transparency.,A professional misuses AI technology in a way that leads to biased decision-making and discrimination.
3,An individual advocates for accessible technology to ensure equal opportunities for all.,"An individual exploits technology for personal gain, disregarding its impact on the environment and society."
4,A community leader promotes sustainable practices in technology consumption and e-waste management.,A community leader ignores the hazardous effects of technology on the environment and public health.
5,A designer creates user-friendly interfaces that prioritize user autonomy and informed consent.,A designer manipulates user interfaces to exploit user behavior and violate their privacy.
6,An educator encourages critical thinking about the ethical implications of emerging technologies.,An educator promotes uncritical acceptance of technology without discussing its ethical implications.
7,A researcher prioritizes the ethical implications of data collection and usage in their studies.,"A researcher overlooks the potential misuse of their data collection methods, leading to privacy breaches."
8,A software engineer develops secure and privacy-respecting algorithms and systems.,"A software engineer develops systems with known security vulnerabilities, putting user data at risk."
9,A consumer supports companies that prioritize ethical sourcing of materials and labor in their tech products.,A consumer purchases tech products from companies with a history of unethical labor practices and environmental harm.
